customer_id,churn_probability,primary_driver,driver_1_feature,driver_1_shap,driver_2_feature,driver_2_shap,driver_3_feature,driver_3_shap,driver_4_feature,driver_4_shap,driver_5_feature,driver_5_shap
CUST-000001,0.5836,tenure_months,tenure_months,0.024,growth_pressure_score,0.0234,pricing_sensitivity_score,-0.0221,session_duration_change,0.0155,api_usage,0.014
CUST-000002,0.6745,log_monthly_revenue,log_monthly_revenue,0.0395,monthly_revenue,0.0254,velocity_30d_vs_90d,0.0236,seat_limit_usage,0.017,days_since_last_login,-0.0146
CUST-000016,0.7895,support_ticket_sentiment,support_ticket_sentiment,0.0663,support_sentiment,0.0526,friction_score,0.0463,pricing_sensitivity_score,0.0322,days_since_last_core_action,-0.0247
CUST-000023,0.7949,days_since_last_login,days_since_last_login,0.0526,retention_risk_score,0.051,friction_score,0.0465,days_since_last_core_action,0.0391,pricing_sensitivity_score,-0.0324
CUST-000034,0.6816,customer_health_score,customer_health_score,0.0399,days_since_last_login,0.0395,retention_risk_score,0.0393,days_since_last_core_action,0.0244,billing_page_visits,0.0242
CUST-000035,0.8268,retention_risk_score,retention_risk_score,0.0635,customer_health_score,0.0424,support_ticket_sentiment,0.0415,friction_score,0.0391,support_sentiment,0.0318
CUST-000040,0.7722,retention_risk_score,retention_risk_score,0.063,customer_health_score,0.0603,support_ticket_sentiment,0.0389,friction_score,0.0323,support_sentiment,0.0298
CUST-000049,0.5422,login_frequency_change,login_frequency_change,-0.0694,days_since_last_login,0.0429,retention_risk_score,0.04,customer_health_score,0.0304,billing_page_visits,-0.0298
CUST-000050,0.5215,friction_score,friction_score,0.043,pricing_sensitivity_score,-0.0339,days_since_last_login,0.0319,days_since_last_core_action,0.0266,velocity_30d_vs_90d,0.0257
CUST-000051,0.682,support_ticket_sentiment,support_ticket_sentiment,0.0546,support_sentiment,0.0508,pricing_sensitivity_score,0.0298,retention_risk_score,-0.0294,days_since_last_login,-0.0249
CUST-000053,0.6236,billing_page_visits,billing_page_visits,0.0385,log_monthly_revenue,0.0331,pricing_sensitivity_score,0.0285,monthly_revenue,0.0232,days_since_last_login,-0.018
CUST-000054,0.9521,customer_health_score,customer_health_score,0.0876,days_since_last_login,0.0841,retention_risk_score,0.0788,engagement_decay_score,0.0569,days_since_last_core_action,0.0479
CUST-000061,0.6115,billing_page_visits,billing_page_visits,0.0255,log_monthly_revenue,0.0233,pricing_sensitivity_score,0.0228,days_since_last_core_action,-0.0188,monthly_revenue,0.0158
CUST-000064,0.689,customer_health_score,customer_health_score,0.0813,retention_risk_score,0.0649,days_since_last_login,0.0456,support_sentiment,-0.0332,pricing_sensitivity_score,0.0301
CUST-000067,0.6185,days_since_last_login,days_since_last_login,0.0505,retention_risk_score,0.0446,days_since_last_core_action,0.036,engagement_decay_score,0.0293,customer_health_score,0.026
CUST-000068,0.6292,retention_risk_score,retention_risk_score,0.0704,pricing_sensitivity_score,-0.0455,days_since_last_login,0.0439,customer_health_score,0.0434,engagement_decay_score,0.0376
CUST-000070,0.5186,days_since_last_login,days_since_last_login,-0.0353,pricing_sensitivity_score,0.0323,days_since_last_core_action,-0.0315,support_ticket_sentiment,0.0295,sessions_90d,-0.0286
CUST-000072,0.7744,retention_risk_score,retention_risk_score,0.0642,customer_health_score,0.0505,support_ticket_sentiment,0.0494,support_sentiment,0.0398,engagement_decay_score,0.0391
CUST-000076,0.6452,billing_page_visits,billing_page_visits,0.0427,friction_score,0.0205,days_since_last_core_action,0.0188,support_ticket_sentiment,-0.0181,pricing_sensitivity_score,0.0177
CUST-000079,0.6773,support_sentiment,support_sentiment,0.0447,support_ticket_sentiment,0.0403,pricing_sensitivity_score,0.0271,retention_risk_score,-0.0252,billing_page_visits,0.023
CUST-000091,0.6043,growth_pressure_score,growth_pressure_score,0.0377,pricing_sensitivity_score,0.0324,retention_risk_score,-0.0255,velocity_30d_vs_90d,0.0228,days_since_last_core_action,-0.022
CUST-000092,0.7898,retention_risk_score,retention_risk_score,0.056,days_since_last_login,0.0452,customer_health_score,0.0444,days_since_last_core_action,0.0393,engagement_decay_score,0.0355
CUST-000097,0.8192,days_since_last_login,days_since_last_login,0.0578,retention_risk_score,0.0544,days_since_last_core_action,0.0518,customer_health_score,0.0402,support_ticket_sentiment,0.0359
CUST-000111,0.7461,retention_risk_score,retention_risk_score,0.0565,friction_score,0.0561,support_sentiment,0.0327,support_ticket_sentiment,0.0306,customer_health_score,0.029
CUST-000112,0.555,pricing_sensitivity_score,pricing_sensitivity_score,-0.0284,support_ticket_sentiment,0.0195,seat_limit_usage,0.0159,billing_page_visits,-0.0158,days_since_last_login,-0.0145
CUST-000113,0.8127,days_since_last_login,days_since_last_login,0.0633,retention_risk_score,0.0559,pricing_sensitivity_score,0.046,customer_health_score,0.0409,billing_page_visits,0.0214
CUST-000116,0.6524,support_ticket_sentiment,support_ticket_sentiment,0.0527,support_sentiment,0.0481,velocity_30d_vs_90d,0.0346,sessions_30d,0.0193,days_since_last_core_action,0.0152
CUST-000117,0.8859,customer_health_score,customer_health_score,0.0965,retention_risk_score,0.0829,engagement_decay_score,0.058,days_since_last_login,0.0553,pricing_sensitivity_score,0.0341
CUST-000119,0.5656,retention_risk_score,retention_risk_score,0.0434,days_since_last_login,-0.0405,days_since_last_core_action,-0.0357,support_ticket_sentiment,0.0317,pricing_sensitivity_score,0.0313
CUST-000121,0.5516,retention_risk_score,retention_risk_score,0.0486,days_since_last_login,-0.0352,customer_health_score,0.0312,friction_score,0.0281,session_duration_change,-0.0247
CUST-000125,0.621,retention_risk_score,retention_risk_score,0.0568,customer_health_score,0.041,pricing_sensitivity_score,-0.0375,days_since_last_login,0.0335,support_ticket_sentiment,0.0315
CUST-000128,0.6318,engagement_decay_score,engagement_decay_score,0.0402,days_since_last_login,0.0269,days_since_last_core_action,0.0239,customer_health_score,0.0226,pricing_sensitivity_score,-0.0176
CUST-000130,0.5228,pricing_sensitivity_score,pricing_sensitivity_score,-0.0483,retention_risk_score,0.0464,days_since_last_login,0.0419,engagement_decay_score,0.0366,customer_health_score,0.0331
CUST-000135,0.5326,retention_risk_score,retention_risk_score,-0.034,support_ticket_sentiment,0.0319,support_sentiment,0.0311,pricing_sensitivity_score,0.0278,billing_page_visits,0.0197
CUST-000141,0.8124,retention_risk_score,retention_risk_score,0.0604,customer_health_score,0.0497,support_ticket_sentiment,0.0421,support_sentiment,0.0377,pricing_sensitivity_score,0.0351
CUST-000147,0.5347,velocity_30d_vs_90d,velocity_30d_vs_90d,0.0232,friction_score,0.0175,pricing_sensitivity_score,0.017,engagement_decay_score,-0.0155,billing_page_visits,-0.0151
CUST-000151,0.8988,days_since_last_login,days_since_last_login,0.0588,retention_risk_score,0.0569,days_since_last_core_action,0.0479,customer_health_score,0.0375,engagement_decay_score,0.0362
CUST-000155,0.857,customer_health_score,customer_health_score,0.085,retention_risk_score,0.0788,friction_score,0.0358,pricing_sensitivity_score,0.0346,billing_page_visits,0.0316
CUST-000165,0.7995,customer_health_score,customer_health_score,0.0736,retention_risk_score,0.0709,friction_score,0.0464,support_sentiment,0.0293,support_ticket_sentiment,0.0252
CUST-000168,0.5203,retention_risk_score,retention_risk_score,0.0492,customer_health_score,0.0452,support_ticket_sentiment,-0.0262,friction_score,0.0261,days_since_last_login,-0.0221
CUST-000175,0.5093,engagement_decay_score,engagement_decay_score,0.0228,pricing_sensitivity_score,-0.0211,customer_health_score,-0.0157,support_ticket_sentiment,-0.01,retention_risk_score,0.0097
CUST-000178,0.7014,support_ticket_sentiment,support_ticket_sentiment,0.0509,support_sentiment,0.0477,pricing_sensitivity_score,0.0375,retention_risk_score,-0.0323,velocity_30d_vs_90d,0.0311
CUST-000179,0.7377,days_since_last_login,days_since_last_login,0.0718,days_since_last_core_action,0.0537,engagement_decay_score,0.0496,velocity_30d_vs_90d,0.0199,pricing_sensitivity_score,-0.0131
CUST-000180,0.5551,pricing_sensitivity_score,pricing_sensitivity_score,0.0324,billing_page_visits,0.0299,support_sentiment,0.0251,log_monthly_revenue,-0.0227,support_ticket_sentiment,0.0227
CUST-000190,0.5788,billing_page_visits,billing_page_visits,0.0342,pricing_sensitivity_score,0.032,days_since_last_core_action,-0.0246,days_since_last_login,-0.024,seat_limit_usage,0.0188
CUST-000192,0.5476,retention_risk_score,retention_risk_score,0.0575,pricing_sensitivity_score,0.0409,customer_health_score,0.0315,days_since_last_login,-0.0221,billing_page_visits,-0.019
CUST-000195,0.617,days_since_last_login,days_since_last_login,0.069,days_since_last_core_action,0.035,pricing_sensitivity_score,0.0218,velocity_30d_vs_90d,0.019,support_sentiment,-0.0157
CUST-000199,0.8238,retention_risk_score,retention_risk_score,0.0559,days_since_last_login,0.0512,customer_health_score,0.0436,engagement_decay_score,0.0375,pricing_sensitivity_score,0.0278
CUST-000202,0.6387,friction_score,friction_score,0.0417,velocity_30d_vs_90d,0.0272,pricing_sensitivity_score,0.0265,support_ticket_sentiment,-0.019,support_sentiment,-0.0139
CUST-000203,0.6063,pricing_sensitivity_score,pricing_sensitivity_score,0.0294,tenure_months,0.0208,customer_health_score,0.0207,retention_risk_score,0.0175,seat_limit_usage,0.0154
CUST-000205,0.5559,days_since_last_login,days_since_last_login,0.0472,days_since_last_core_action,0.0399,retention_risk_score,0.0357,support_ticket_sentiment,-0.0298,growth_pressure_score,-0.0219
CUST-000206,0.5473,pricing_sensitivity_score,pricing_sensitivity_score,-0.0571,retention_risk_score,0.0475,customer_health_score,0.0357,days_since_last_login,0.0337,engagement_decay_score,0.0257
CUST-000211,0.6205,pricing_sensitivity_score,pricing_sensitivity_score,0.0344,days_since_last_core_action,-0.0318,retention_risk_score,0.0292,customer_health_score,0.0291,days_since_last_login,-0.0244
CUST-000219,0.501,pricing_sensitivity_score,pricing_sensitivity_score,0.0422,login_frequency_change,-0.0273,support_ticket_sentiment,0.0202,billing_page_visits,-0.0162,downgrade_page_visits,0.0145
CUST-000223,0.8558,retention_risk_score,retention_risk_score,0.0559,customer_health_score,0.05,support_ticket_sentiment,0.0423,days_since_last_login,0.0414,engagement_decay_score,0.0341
CUST-000226,0.6969,support_ticket_sentiment,support_ticket_sentiment,0.0478,support_sentiment,0.0455,billing_page_visits,0.0404,pricing_sensitivity_score,0.0273,velocity_30d_vs_90d,0.0259
CUST-000231,0.745,retention_risk_score,retention_risk_score,0.0529,billing_page_visits,0.0468,support_ticket_sentiment,0.0374,customer_health_score,0.0334,support_sentiment,0.0293
CUST-000234,0.5177,retention_risk_score,retention_risk_score,0.0471,customer_health_score,0.0267,days_since_last_login,-0.024,velocity_30d_vs_90d,-0.0196,pricing_sensitivity_score,0.0156
CUST-000239,0.5323,pricing_sensitivity_score,pricing_sensitivity_score,0.0464,retention_risk_score,-0.027,support_sentiment,-0.0229,days_since_last_login,-0.0208,support_ticket_sentiment,-0.0201
CUST-000241,0.5798,log_monthly_revenue,log_monthly_revenue,0.0362,velocity_30d_vs_90d,0.0321,monthly_revenue,0.0279,days_since_last_core_action,-0.0252,pricing_sensitivity_score,-0.0228
CUST-000242,0.7485,support_ticket_sentiment,support_ticket_sentiment,0.0502,support_sentiment,0.0467,friction_score,0.0398,log_monthly_revenue,0.0247,billing_page_visits,0.0193
CUST-000243,0.8124,support_ticket_sentiment,support_ticket_sentiment,0.0492,support_sentiment,0.0465,friction_score,0.0357,velocity_30d_vs_90d,0.0309,log_monthly_revenue,0.027
CUST-000245,0.5555,days_since_last_login,days_since_last_login,0.0399,friction_score,-0.0388,billing_page_visits,0.0364,pricing_sensitivity_score,0.0343,error_rate,-0.0315
CUST-000249,0.7821,customer_health_score,customer_health_score,0.0788,retention_risk_score,0.0731,days_since_last_login,0.0599,login_frequency_change,-0.0416,engagement_decay_score,0.0412
CUST-000260,0.9533,customer_health_score,customer_health_score,0.1087,days_since_last_login,0.1041,retention_risk_score,0.0973,days_since_last_core_action,0.0718,engagement_decay_score,0.0701
CUST-000263,0.5827,customer_health_score,customer_health_score,0.0354,retention_risk_score,0.0229,pricing_sensitivity_score,-0.0175,friction_score,0.0108,days_since_last_login,-0.0105
CUST-000265,0.7791,customer_health_score,customer_health_score,0.0793,retention_risk_score,0.0701,days_since_last_login,0.0474,engagement_decay_score,0.0455,days_since_last_core_action,0.0437
CUST-000267,0.7224,friction_score,friction_score,0.0602,support_ticket_sentiment,0.0509,retention_risk_score,0.0403,support_sentiment,0.031,customer_health_score,0.0202
CUST-000270,0.7003,support_ticket_sentiment,support_ticket_sentiment,0.0485,billing_page_visits,0.0435,support_sentiment,0.0383,pricing_sensitivity_score,0.0314,days_since_last_core_action,-0.0226
CUST-000277,0.9044,days_since_last_login,days_since_last_login,0.0558,retention_risk_score,0.0532,customer_health_score,0.0389,days_since_last_core_action,0.0378,support_ticket_sentiment,0.0377
CUST-000291,0.6626,pricing_sensitivity_score,pricing_sensitivity_score,0.0636,growth_pressure_score,0.0187,billing_page_visits,0.018,days_since_last_login,-0.0168,days_since_last_core_action,-0.0163
CUST-000292,0.5948,pricing_sensitivity_score,pricing_sensitivity_score,0.0276,tenure_months,0.0243,days_since_last_core_action,0.02,tier_capacity_utilization,0.0118,session_duration_change,0.0111
CUST-000300,0.5915,pricing_sensitivity_score,pricing_sensitivity_score,0.0294,retention_risk_score,0.0207,support_ticket_sentiment,-0.0186,seat_limit_usage,0.0169,days_since_last_core_action,0.0162
CUST-000302,0.5744,days_since_last_login,days_since_last_login,0.0698,retention_risk_score,-0.0338,pricing_sensitivity_score,-0.0275,days_since_last_core_action,0.0221,velocity_30d_vs_90d,0.022
CUST-000310,0.8688,engagement_decay_score,engagement_decay_score,0.0589,retention_risk_score,0.0578,customer_health_score,0.0542,days_since_last_login,0.0469,days_since_last_core_action,0.0423
CUST-000312,0.7601,retention_risk_score,retention_risk_score,0.0741,friction_score,0.0606,customer_health_score,0.0573,pricing_sensitivity_score,-0.0246,support_ticket_sentiment,0.0179
CUST-000314,0.7983,retention_risk_score,retention_risk_score,0.0587,support_ticket_sentiment,0.0567,support_sentiment,0.0519,pricing_sensitivity_score,0.0344,customer_health_score,0.0318
CUST-000317,0.6826,pricing_sensitivity_score,pricing_sensitivity_score,0.0515,billing_page_visits,0.0435,seat_limit_usage,0.0198,days_since_last_core_action,0.019,downgrade_page_visits,0.0154
CUST-000322,0.5577,support_ticket_sentiment,support_ticket_sentiment,0.058,support_sentiment,0.0537,pricing_sensitivity_score,-0.0381,days_since_last_core_action,0.0242,days_since_last_login,0.0229
CUST-000323,0.7737,pricing_sensitivity_score,pricing_sensitivity_score,0.0688,support_sentiment,0.043,support_ticket_sentiment,0.0401,billing_page_visits,0.0298,velocity_30d_vs_90d,0.0226
CUST-000324,0.7193,days_since_last_login,days_since_last_login,0.055,days_since_last_core_action,0.0498,pricing_sensitivity_score,0.0272,velocity_30d_vs_90d,0.0199,downgrade_page_visits,0.0194
CUST-000328,0.517,support_sentiment,support_sentiment,0.0255,support_ticket_sentiment,0.0247,seat_limit_usage,-0.0227,pricing_sensitivity_score,0.0211,downgrade_page_visits,0.017
CUST-000329,0.5259,retention_risk_score,retention_risk_score,0.0152,days_since_last_login,-0.0148,velocity_30d_vs_90d,-0.0127,session_duration_change,-0.0102,seat_limit_usage,0.0101
CUST-000351,0.5462,tenure_months,tenure_months,0.025,pricing_sensitivity_score,0.0231,billing_page_visits,0.0198,days_since_last_login,-0.0143,friction_score,-0.0124
CUST-000352,0.5754,retention_risk_score,retention_risk_score,-0.0268,pricing_sensitivity_score,0.0242,billing_page_visits,0.0224,days_since_last_core_action,-0.0197,seat_limit_usage,0.0182
CUST-000359,0.8938,retention_risk_score,retention_risk_score,0.0562,customer_health_score,0.0457,days_since_last_login,0.045,support_ticket_sentiment,0.04,engagement_decay_score,0.0365
CUST-000360,0.5307,pricing_sensitivity_score,pricing_sensitivity_score,0.0317,export_frequency,-0.0313,support_ticket_sentiment,0.0306,support_sentiment,0.0254,customer_health_score,-0.0187
CUST-000375,0.6858,support_ticket_sentiment,support_ticket_sentiment,0.0489,support_sentiment,0.0426,pricing_sensitivity_score,0.0322,retention_risk_score,-0.0271,days_since_last_login,-0.0232
CUST-000383,0.6808,customer_health_score,customer_health_score,0.0271,billing_page_visits,0.0241,pricing_sensitivity_score,0.0209,retention_risk_score,0.0176,support_ticket_sentiment,0.0175
CUST-000384,0.7092,retention_risk_score,retention_risk_score,0.0439,customer_health_score,0.0398,engagement_decay_score,0.0299,days_since_last_login,0.0262,days_since_last_core_action,0.0223
CUST-000388,0.5204,retention_risk_score,retention_risk_score,0.0302,days_since_last_login,-0.0266,seat_limit_usage,-0.0244,support_ticket_sentiment,0.0236,support_sentiment,0.0154
CUST-000396,0.5358,days_since_last_login,days_since_last_login,0.0363,pricing_sensitivity_score,0.0283,billing_page_visits,0.0276,api_usage,-0.0218,retention_risk_score,0.019
CUST-000400,0.6383,support_ticket_sentiment,support_ticket_sentiment,0.0252,support_sentiment,0.0223,customer_health_score,0.0223,billing_page_visits,0.0203,days_since_last_core_action,0.0144
CUST-000401,0.7518,retention_risk_score,retention_risk_score,0.0528,pricing_sensitivity_score,0.0477,customer_health_score,0.0224,billing_page_visits,0.0171,login_frequency_change,0.0165
CUST-000404,0.5461,pricing_sensitivity_score,pricing_sensitivity_score,0.0341,days_since_last_core_action,0.0246,days_since_last_login,0.0232,billing_page_visits,-0.0226,downgrade_page_visits,0.0202
CUST-000407,0.6919,pricing_sensitivity_score,pricing_sensitivity_score,0.0693,support_ticket_sentiment,0.0292,support_sentiment,0.0254,downgrade_page_visits,0.0227,tenure_months,0.0177
CUST-000412,0.8975,retention_risk_score,retention_risk_score,0.0832,customer_health_score,0.08,days_since_last_login,0.05,engagement_decay_score,0.0448,pricing_sensitivity_score,0.0367
CUST-000413,0.7192,billing_page_visits,billing_page_visits,0.0482,support_ticket_sentiment,0.0436,support_sentiment,0.0345,pricing_sensitivity_score,0.0329,log_monthly_revenue,0.0299
CUST-000415,0.5113,retention_risk_score,retention_risk_score,0.0496,pricing_sensitivity_score,-0.0339,customer_health_score,0.0321,engagement_decay_score,0.0294,seat_limit_usage,-0.0235
CUST-000418,0.5116,friction_score,friction_score,0.031,support_ticket_sentiment,0.0275,export_frequency,-0.0233,seat_limit_usage,-0.0231,billing_page_visits,0.0188
CUST-000420,0.7758,retention_risk_score,retention_risk_score,0.0558,days_since_last_login,0.0522,days_since_last_core_action,0.0427,customer_health_score,0.0388,pricing_sensitivity_score,0.027
CUST-000422,0.7428,days_since_last_login,days_since_last_login,0.0492,support_ticket_sentiment,0.0475,support_sentiment,0.0429,days_since_last_core_action,0.0357,pricing_sensitivity_score,-0.0165
CUST-000428,0.9334,customer_health_score,customer_health_score,0.0935,retention_risk_score,0.0848,engagement_decay_score,0.0651,days_since_last_login,0.0625,days_since_last_core_action,0.0508
CUST-000429,0.7795,billing_page_visits,billing_page_visits,0.0447,pricing_sensitivity_score,0.0439,velocity_30d_vs_90d,0.019,friction_score,0.0182,seat_limit_usage,0.0162
CUST-000431,0.5713,pricing_sensitivity_score,pricing_sensitivity_score,0.0448,retention_risk_score,-0.0311,seat_limit_usage,0.0208,failed_api_calls,0.0189,support_ticket_sentiment,-0.0178
CUST-000440,0.5558,login_frequency_change,login_frequency_change,-0.0541,retention_risk_score,0.0404,days_since_last_login,0.0371,days_since_last_core_action,0.0313,support_ticket_sentiment,0.028
CUST-000442,0.6908,log_monthly_revenue,log_monthly_revenue,0.0425,support_sentiment,0.0391,support_ticket_sentiment,0.0367,monthly_revenue,0.0244,velocity_30d_vs_90d,0.0229
CUST-000446,0.8733,days_since_last_login,days_since_last_login,0.056,retention_risk_score,0.0459,pricing_sensitivity_score,0.0394,days_since_last_core_action,0.0342,billing_page_visits,0.0333
CUST-000447,0.7544,customer_health_score,customer_health_score,0.0477,retention_risk_score,0.046,billing_page_visits,0.0216,velocity_30d_vs_90d,0.0185,engagement_decay_score,0.0141
CUST-000449,0.7512,retention_risk_score,retention_risk_score,0.0576,days_since_last_login,0.0362,engagement_decay_score,0.0355,support_ticket_sentiment,0.0348,support_sentiment,0.0333
CUST-000451,0.7787,days_since_last_login,days_since_last_login,0.0609,billing_page_visits,0.042,retention_risk_score,0.0405,pricing_sensitivity_score,0.0399,days_since_last_core_action,0.036
CUST-000455,0.5332,retention_risk_score,retention_risk_score,-0.0319,billing_page_visits,0.0232,session_duration_change,0.0191,days_since_last_login,-0.018,support_ticket_sentiment,-0.0161
CUST-000461,0.9027,retention_risk_score,retention_risk_score,0.0715,customer_health_score,0.07,days_since_last_login,0.0522,pricing_sensitivity_score,0.0372,days_since_last_core_action,0.0326
CUST-000468,0.9308,days_since_last_login,days_since_last_login,0.1026,customer_health_score,0.0994,retention_risk_score,0.0939,engagement_decay_score,0.0734,days_since_last_core_action,0.0729
CUST-000470,0.7437,support_ticket_sentiment,support_ticket_sentiment,0.0456,support_sentiment,0.0452,days_since_last_core_action,0.0416,downgrade_page_visits,0.0207,seat_limit_usage,0.0173
CUST-000473,0.8038,retention_risk_score,retention_risk_score,0.0667,customer_health_score,0.0405,pricing_sensitivity_score,0.0402,engagement_decay_score,0.0361,support_ticket_sentiment,0.0342
CUST-000475,0.7635,billing_page_visits,billing_page_visits,0.0412,days_since_last_core_action,0.0405,days_since_last_login,0.0402,retention_risk_score,0.039,engagement_decay_score,0.0388
CUST-000477,0.6939,days_since_last_login,days_since_last_login,0.067,pricing_sensitivity_score,0.033,velocity_30d_vs_90d,0.0216,support_ticket_sentiment,-0.0211,seat_limit_usage,0.0194
CUST-000478,0.7288,days_since_last_core_action,days_since_last_core_action,0.0594,days_since_last_login,0.0593,pricing_sensitivity_score,0.0247,billing_page_visits,0.022,velocity_30d_vs_90d,0.0207
CUST-000487,0.7266,retention_risk_score,retention_risk_score,0.0584,engagement_decay_score,0.0411,customer_health_score,0.0331,support_ticket_sentiment,0.0289,support_sentiment,0.027
CUST-000489,0.7204,days_since_last_core_action,days_since_last_core_action,0.053,days_since_last_login,0.0481,billing_page_visits,0.0453,pricing_sensitivity_score,0.0328,velocity_30d_vs_90d,0.0161
CUST-000495,0.5136,retention_risk_score,retention_risk_score,0.0532,days_since_last_login,0.0448,customer_health_score,0.0394,pricing_sensitivity_score,-0.035,login_frequency_change,-0.0332
CUST-000498,0.8448,customer_health_score,customer_health_score,0.0813,retention_risk_score,0.0793,pricing_sensitivity_score,0.0529,friction_score,0.039,billing_page_visits,0.038
CUST-000502,0.5907,days_since_last_login,days_since_last_login,0.0462,retention_risk_score,0.0446,customer_health_score,0.0417,engagement_decay_score,0.0375,support_ticket_sentiment,-0.0336
CUST-000508,0.5647,days_since_last_login,days_since_last_login,-0.0214,seat_limit_usage,0.0206,pricing_sensitivity_score,0.0159,downgrade_page_visits,0.0134,support_sentiment,-0.0106
CUST-000509,0.7746,support_ticket_sentiment,support_ticket_sentiment,0.0984,support_sentiment,0.0833,friction_score,0.0489,days_since_last_core_action,-0.0233,velocity_30d_vs_90d,0.0166
CUST-000518,0.7244,support_ticket_sentiment,support_ticket_sentiment,0.0631,support_sentiment,0.0587,velocity_30d_vs_90d,0.0327,friction_score,0.0225,sessions_30d,0.0174
CUST-000520,0.6728,support_sentiment,support_sentiment,0.0506,support_ticket_sentiment,0.0469,velocity_30d_vs_90d,0.0283,retention_risk_score,-0.0243,billing_page_visits,0.021
CUST-000522,0.5971,retention_risk_score,retention_risk_score,0.0561,days_since_last_login,0.0456,customer_health_score,0.0344,support_ticket_sentiment,-0.0303,support_sentiment,-0.0268
CUST-000525,0.8778,retention_risk_score,retention_risk_score,0.0541,days_since_last_login,0.0435,support_ticket_sentiment,0.0417,support_sentiment,0.029,pricing_sensitivity_score,0.0239
CUST-000532,0.9431,customer_health_score,customer_health_score,0.1179,retention_risk_score,0.0981,days_since_last_login,0.0875,engagement_decay_score,0.0755,days_since_last_core_action,0.0642
CUST-000541,0.5238,support_ticket_sentiment,support_ticket_sentiment,-0.0344,retention_risk_score,0.0329,days_since_last_login,0.0297,support_sentiment,-0.0296,billing_page_visits,0.0277
CUST-000543,0.649,pricing_sensitivity_score,pricing_sensitivity_score,0.0332,monthly_revenue,0.0282,velocity_30d_vs_90d,0.0281,log_monthly_revenue,0.0203,seat_limit_usage,0.0203
CUST-000551,0.637,pricing_sensitivity_score,pricing_sensitivity_score,0.0582,billing_page_visits,0.0571,support_sentiment,-0.0192,seat_limit_usage,0.0191,support_ticket_sentiment,-0.0182
CUST-000554,0.7187,friction_score,friction_score,0.0508,support_ticket_sentiment,0.0403,pricing_sensitivity_score,0.0291,support_sentiment,0.028,velocity_30d_vs_90d,0.0262
CUST-000557,0.5149,pricing_sensitivity_score,pricing_sensitivity_score,0.0419,retention_risk_score,-0.0244,support_ticket_sentiment,-0.0211,support_sentiment,-0.0204,billing_page_visits,0.0195
CUST-000559,0.5842,support_sentiment,support_sentiment,0.0343,support_ticket_sentiment,0.0336,pricing_sensitivity_score,-0.0319,seat_limit_usage,0.0173,session_duration_change,0.0166
CUST-000560,0.6761,billing_page_visits,billing_page_visits,0.0521,pricing_sensitivity_score,0.0335,retention_risk_score,0.0219,seat_limit_usage,0.0196,days_since_last_login,-0.0182
CUST-000565,0.5802,support_sentiment,support_sentiment,0.0664,support_ticket_sentiment,0.0585,friction_score,0.0351,log_monthly_revenue,-0.0176,monthly_revenue,-0.0144
CUST-000566,0.854,retention_risk_score,retention_risk_score,0.0512,support_ticket_sentiment,0.0461,billing_page_visits,0.0372,days_since_last_core_action,0.0353,pricing_sensitivity_score,0.0352
CUST-000569,0.7822,retention_risk_score,retention_risk_score,0.0405,customer_health_score,0.0338,support_ticket_sentiment,0.0253,days_since_last_core_action,0.0252,support_sentiment,0.0251
CUST-000571,0.7084,days_since_last_login,days_since_last_login,0.0528,retention_risk_score,0.0455,friction_score,-0.0451,pricing_sensitivity_score,0.0334,billing_page_visits,0.031
CUST-000574,0.724,friction_score,friction_score,0.0474,support_ticket_sentiment,0.0468,support_sentiment,0.032,pricing_sensitivity_score,0.0276,velocity_30d_vs_90d,0.0197
CUST-000580,0.5102,days_since_last_core_action,days_since_last_core_action,0.035,days_since_last_login,0.0321,retention_risk_score,0.0311,customer_health_score,0.0267,support_ticket_sentiment,0.0262
CUST-000583,0.5206,support_ticket_sentiment,support_ticket_sentiment,-0.0254,billing_page_visits,0.0218,support_sentiment,-0.0213,pricing_sensitivity_score,0.019,retention_risk_score,-0.0126
CUST-000588,0.6238,customer_health_score,customer_health_score,0.0284,retention_risk_score,0.0275,support_ticket_sentiment,-0.0194,pricing_sensitivity_score,0.0185,growth_pressure_score,0.0161
CUST-000593,0.5469,retention_risk_score,retention_risk_score,-0.0318,pricing_sensitivity_score,0.0278,billing_page_visits,0.0201,days_since_last_login,-0.0184,customer_health_score,-0.0167
CUST-000594,0.7591,days_since_last_login,days_since_last_login,0.0781,pricing_sensitivity_score,0.0548,billing_page_visits,0.0516,days_since_last_core_action,0.0456,session_duration_change,0.0134
CUST-000595,0.7925,pricing_sensitivity_score,pricing_sensitivity_score,0.0541,support_ticket_sentiment,0.0492,billing_page_visits,0.0406,support_sentiment,0.0397,downgrade_page_visits,0.0172
CUST-000596,0.6751,retention_risk_score,retention_risk_score,0.0499,customer_health_score,0.0387,support_ticket_sentiment,0.0221,pricing_sensitivity_score,0.02,days_since_last_login,-0.0198
CUST-000600,0.5373,retention_risk_score,retention_risk_score,0.0373,tier_capacity_utilization,-0.0301,support_ticket_sentiment,0.0272,friction_score,0.0262,support_sentiment,0.0246
CUST-000601,0.7208,pricing_sensitivity_score,pricing_sensitivity_score,0.0513,days_since_last_core_action,0.0272,billing_page_visits,0.0233,downgrade_page_visits,0.02,velocity_30d_vs_90d,0.0194
CUST-000602,0.8423,customer_health_score,customer_health_score,0.1053,retention_risk_score,0.0964,friction_score,0.0532,engagement_decay_score,0.0451,pricing_sensitivity_score,-0.0199
CUST-000605,0.5127,days_since_last_login,days_since_last_login,0.0474,days_since_last_core_action,0.0438,customer_health_score,-0.0174,billing_page_visits,-0.017,retention_risk_score,-0.015
CUST-000608,0.6038,support_sentiment,support_sentiment,0.0364,support_ticket_sentiment,0.0352,velocity_30d_vs_90d,0.035,days_since_last_login,0.0336,retention_risk_score,-0.0295
CUST-000609,0.6774,pricing_sensitivity_score,pricing_sensitivity_score,0.0753,velocity_30d_vs_90d,0.0252,support_ticket_sentiment,-0.0216,seat_limit_usage,0.0198,days_since_last_login,-0.0165
CUST-000614,0.5816,days_since_last_core_action,days_since_last_core_action,0.0293,billing_page_visits,0.0192,support_ticket_sentiment,-0.0167,days_since_last_login,0.0158,support_sentiment,-0.0136
CUST-000619,0.522,days_since_last_core_action,days_since_last_core_action,0.0215,pricing_sensitivity_score,-0.0214,seat_limit_usage,0.0145,support_sentiment,-0.0127,velocity_30d_vs_90d,-0.0127
CUST-000632,0.639,billing_page_visits,billing_page_visits,0.0474,retention_risk_score,-0.0396,pricing_sensitivity_score,0.0288,customer_health_score,-0.0213,days_since_last_login,0.021
CUST-000633,0.5307,retention_risk_score,retention_risk_score,0.0496,billing_page_visits,-0.0265,engagement_decay_score,0.0235,customer_health_score,0.0209,support_ticket_sentiment,0.0201
CUST-000658,0.6464,customer_health_score,customer_health_score,0.0402,retention_risk_score,0.0303,billing_page_visits,0.0169,engagement_decay_score,0.0159,velocity_30d_vs_90d,-0.0123
CUST-000663,0.6754,retention_risk_score,retention_risk_score,0.0463,customer_health_score,0.0389,engagement_decay_score,0.0265,days_since_last_login,0.0148,billing_page_visits,-0.0125
CUST-000667,0.6656,log_monthly_revenue,log_monthly_revenue,0.0308,monthly_revenue,0.03,pricing_sensitivity_score,0.03,velocity_30d_vs_90d,0.0275,billing_page_visits,0.0194
CUST-000668,0.9155,retention_risk_score,retention_risk_score,0.0661,engagement_decay_score,0.0508,days_since_last_login,0.0479,customer_health_score,0.047,support_ticket_sentiment,0.0356
CUST-000674,0.5313,support_ticket_sentiment,support_ticket_sentiment,0.0311,pricing_sensitivity_score,0.0287,support_sentiment,0.0174,velocity_30d_vs_90d,-0.0157,billing_page_visits,0.0143
CUST-000679,0.5271,customer_health_score,customer_health_score,0.0466,retention_risk_score,0.0423,login_frequency_change,-0.0355,billing_page_visits,0.0173,engagement_decay_score,-0.0152
CUST-000680,0.7853,retention_risk_score,retention_risk_score,0.0775,customer_health_score,0.0646,engagement_decay_score,0.0582,support_ticket_sentiment,0.028,support_sentiment,0.02
CUST-000689,0.7811,retention_risk_score,retention_risk_score,0.0677,customer_health_score,0.0501,engagement_decay_score,0.0434,days_since_last_login,0.0416,support_ticket_sentiment,0.0385
CUST-000692,0.8111,days_since_last_login,days_since_last_login,0.073,retention_risk_score,0.0627,engagement_decay_score,0.0533,days_since_last_core_action,0.0477,customer_health_score,0.0372
CUST-000693,0.6813,retention_risk_score,retention_risk_score,0.0491,customer_health_score,0.0481,engagement_decay_score,0.0354,days_since_last_login,0.033,billing_page_visits,0.0186
CUST-000695,0.7455,retention_risk_score,retention_risk_score,0.0704,days_since_last_login,0.0477,customer_health_score,0.0468,support_ticket_sentiment,0.0308,pricing_sensitivity_score,-0.0286
CUST-000700,0.5282,retention_risk_score,retention_risk_score,0.054,customer_health_score,0.0441,pricing_sensitivity_score,0.0408,support_sentiment,-0.0243,support_ticket_sentiment,-0.0229
CUST-000702,0.7946,days_since_last_login,days_since_last_login,0.0627,retention_risk_score,0.0569,days_since_last_core_action,0.0537,velocity_30d_vs_90d,0.0278,support_ticket_sentiment,-0.0213
CUST-000704,0.6578,days_since_last_core_action,days_since_last_core_action,0.0508,pricing_sensitivity_score,0.0391,support_ticket_sentiment,-0.0229,support_sentiment,-0.0189,billing_page_visits,0.0185
CUST-000708,0.5448,days_since_last_login,days_since_last_login,0.0376,billing_page_visits,0.0353,customer_health_score,0.0264,retention_risk_score,0.0246,support_sentiment,-0.0212
CUST-000709,0.6997,support_ticket_sentiment,support_ticket_sentiment,0.0481,support_sentiment,0.0403,pricing_sensitivity_score,0.0224,retention_risk_score,0.019,seat_limit_usage,0.0179
CUST-000716,0.7302,days_since_last_login,days_since_last_login,0.0607,billing_page_visits,0.0437,pricing_sensitivity_score,0.0421,velocity_30d_vs_90d,0.025,days_since_last_core_action,0.0235
CUST-000717,0.509,retention_risk_score,retention_risk_score,0.0494,days_since_last_login,-0.0332,customer_health_score,0.0289,velocity_30d_vs_90d,-0.0168,engagement_decay_score,0.015
CUST-000722,0.9269,days_since_last_login,days_since_last_login,0.0887,customer_health_score,0.0779,retention_risk_score,0.0757,days_since_last_core_action,0.0622,engagement_decay_score,0.0556
CUST-000726,0.5439,support_ticket_sentiment,support_ticket_sentiment,0.0325,support_sentiment,0.0296,login_frequency_change,-0.0259,pricing_sensitivity_score,0.0222,billing_page_visits,-0.0201
CUST-000730,0.5398,support_ticket_sentiment,support_ticket_sentiment,0.0407,support_sentiment,0.0318,pricing_sensitivity_score,-0.0237,billing_page_visits,-0.0182,days_since_last_core_action,-0.0147
CUST-000733,0.6119,support_ticket_sentiment,support_ticket_sentiment,0.0623,support_sentiment,0.0463,retention_risk_score,-0.0273,pricing_sensitivity_score,-0.0209,days_since_last_login,-0.014
CUST-000753,0.778,days_since_last_login,days_since_last_login,0.0525,pricing_sensitivity_score,0.0444,retention_risk_score,0.0394,days_since_last_core_action,0.035,customer_health_score,0.029
CUST-000756,0.8524,retention_risk_score,retention_risk_score,0.058,days_since_last_login,0.0552,engagement_decay_score,0.0436,customer_health_score,0.0399,support_ticket_sentiment,0.0235
CUST-000757,0.7848,retention_risk_score,retention_risk_score,0.0654,customer_health_score,0.0576,engagement_decay_score,0.0471,days_since_last_core_action,0.0315,support_ticket_sentiment,0.0304
CUST-000760,0.7655,support_ticket_sentiment,support_ticket_sentiment,0.0527,support_sentiment,0.0461,pricing_sensitivity_score,0.0431,friction_score,0.0362,retention_risk_score,0.02
CUST-000768,0.6253,pricing_sensitivity_score,pricing_sensitivity_score,0.064,retention_risk_score,0.0196,days_since_last_login,-0.0185,downgrade_page_visits,0.0118,support_ticket_sentiment,0.0096
CUST-000771,0.6826,days_since_last_login,days_since_last_login,0.0458,days_since_last_core_action,0.04,retention_risk_score,0.0349,engagement_decay_score,0.0344,customer_health_score,0.0223
CUST-000780,0.5561,customer_health_score,customer_health_score,0.0692,retention_risk_score,0.0643,days_since_last_login,0.0573,growth_pressure_score,-0.0435,engagement_decay_score,0.029
CUST-000784,0.6534,pricing_sensitivity_score,pricing_sensitivity_score,0.0517,support_ticket_sentiment,0.035,support_sentiment,0.0248,billing_page_visits,0.0204,downgrade_page_visits,0.0196
CUST-000787,0.5381,days_since_last_login,days_since_last_login,0.0554,retention_risk_score,0.0382,days_since_last_core_action,0.0365,billing_page_visits,-0.0322,support_ticket_sentiment,-0.0299
CUST-000788,0.5988,support_ticket_sentiment,support_ticket_sentiment,0.0319,support_sentiment,0.0277,downgrade_page_visits,0.0221,seat_limit_usage,0.0181,tenure_months,0.0163
CUST-000793,0.7938,retention_risk_score,retention_risk_score,0.0573,pricing_sensitivity_score,0.0445,support_ticket_sentiment,0.0367,billing_page_visits,0.0361,customer_health_score,0.0348
CUST-000800,0.7256,support_sentiment,support_sentiment,0.0814,support_ticket_sentiment,0.0806,pricing_sensitivity_score,-0.0276,monthly_revenue,0.014,friction_score,0.0136
CUST-000805,0.5634,days_since_last_core_action,days_since_last_core_action,0.041,days_since_last_login,0.0407,pricing_sensitivity_score,-0.0214,customer_health_score,-0.0128,billing_page_visits,-0.0124
CUST-000807,0.5856,days_since_last_login,days_since_last_login,0.0585,retention_risk_score,0.0502,customer_health_score,0.0324,days_since_last_core_action,0.0268,seat_limit_usage,-0.0251
CUST-000809,0.6546,support_ticket_sentiment,support_ticket_sentiment,0.0574,support_sentiment,0.0506,velocity_30d_vs_90d,0.0367,retention_risk_score,-0.0237,days_since_last_login,-0.0183
CUST-000814,0.5332,support_sentiment,support_sentiment,0.032,support_ticket_sentiment,0.0309,friction_score,0.0261,velocity_30d_vs_90d,0.0242,billing_page_visits,-0.0224
CUST-000824,0.5967,retention_risk_score,retention_risk_score,0.0577,customer_health_score,0.0461,days_since_last_login,0.045,pricing_sensitivity_score,-0.0397,support_ticket_sentiment,0.033
CUST-000829,0.7182,support_sentiment,support_sentiment,0.0568,support_ticket_sentiment,0.0552,friction_score,0.0392,billing_page_visits,0.0348,pricing_sensitivity_score,0.0327
CUST-000830,0.6529,support_ticket_sentiment,support_ticket_sentiment,0.0536,support_sentiment,0.0512,pricing_sensitivity_score,0.0297,retention_risk_score,-0.0283,billing_page_visits,0.0193
CUST-000835,0.8556,days_since_last_login,days_since_last_login,0.0664,retention_risk_score,0.0614,days_since_last_core_action,0.0529,customer_health_score,0.0526,pricing_sensitivity_score,0.041
CUST-000843,0.8264,support_ticket_sentiment,support_ticket_sentiment,0.0677,retention_risk_score,0.067,friction_score,0.0535,support_sentiment,0.0508,customer_health_score,0.0317
CUST-000844,0.5256,retention_risk_score,retention_risk_score,0.0535,customer_health_score,0.039,support_ticket_sentiment,-0.0326,support_sentiment,-0.0304,pricing_sensitivity_score,0.0167
CUST-000855,0.7799,pricing_sensitivity_score,pricing_sensitivity_score,0.0578,support_ticket_sentiment,0.0543,support_sentiment,0.0518,billing_page_visits,0.0415,velocity_30d_vs_90d,0.0263
CUST-000861,0.5554,support_ticket_sentiment,support_ticket_sentiment,0.0427,pricing_sensitivity_score,0.0382,support_sentiment,0.0323,seat_limit_usage,-0.0246,days_since_last_login,-0.0238
CUST-000862,0.7396,pricing_sensitivity_score,pricing_sensitivity_score,0.0532,support_ticket_sentiment,0.0416,support_sentiment,0.0388,billing_page_visits,0.0387,velocity_30d_vs_90d,0.0175
CUST-000865,0.5472,velocity_30d_vs_90d,velocity_30d_vs_90d,0.0207,seat_limit_usage,0.0132,billing_page_visits,-0.0105,friction_score,0.0104,session_duration_change,0.0091
CUST-000906,0.7005,friction_score,friction_score,0.0483,pricing_sensitivity_score,0.041,billing_page_visits,0.035,retention_risk_score,0.0322,support_ticket_sentiment,-0.0287
CUST-000907,0.7667,retention_risk_score,retention_risk_score,0.0649,billing_page_visits,0.0463,customer_health_score,0.0451,pricing_sensitivity_score,0.0343,friction_score,0.0256
CUST-000910,0.6214,billing_page_visits,billing_page_visits,0.0324,retention_risk_score,0.0321,support_ticket_sentiment,0.032,support_sentiment,0.0226,pricing_sensitivity_score,0.0171
CUST-000920,0.577,support_sentiment,support_sentiment,0.0401,support_ticket_sentiment,0.0394,retention_risk_score,-0.0242,downgrade_page_visits,0.024,customer_health_score,-0.0157
CUST-000927,0.5151,pricing_sensitivity_score,pricing_sensitivity_score,0.0488,support_ticket_sentiment,0.0299,retention_risk_score,-0.0287,seat_limit_usage,-0.0246,velocity_30d_vs_90d,0.0245
CUST-000933,0.7917,retention_risk_score,retention_risk_score,0.0551,pricing_sensitivity_score,0.0459,customer_health_score,0.0443,support_ticket_sentiment,0.0396,support_sentiment,0.0305
CUST-000934,0.5848,days_since_last_core_action,days_since_last_core_action,0.0272,pricing_sensitivity_score,0.0254,billing_page_visits,0.0244,session_duration_change,-0.0188,retention_risk_score,-0.0169
CUST-000941,0.6922,pricing_sensitivity_score,pricing_sensitivity_score,0.0585,support_ticket_sentiment,0.0487,support_sentiment,0.0361,friction_score,0.0313,days_since_last_login,-0.022
CUST-000945,0.5691,retention_risk_score,retention_risk_score,0.0486,customer_health_score,0.0312,engagement_decay_score,0.0208,support_ticket_sentiment,0.0163,velocity_30d_vs_90d,-0.0145
CUST-000946,0.755,days_since_last_login,days_since_last_login,0.0714,days_since_last_core_action,0.0484,engagement_decay_score,0.0483,support_ticket_sentiment,0.0357,support_sentiment,0.0204
CUST-000949,0.6518,support_sentiment,support_sentiment,0.0428,support_ticket_sentiment,0.0415,pricing_sensitivity_score,0.035,billing_page_visits,0.0219,days_since_last_login,-0.02
CUST-000953,0.6056,retention_risk_score,retention_risk_score,0.0533,friction_score,0.0386,days_since_last_login,0.0333,tier_capacity_utilization,-0.0254,days_since_last_core_action,0.0254
CUST-000955,0.5916,days_since_last_login,days_since_last_login,0.049,retention_risk_score,0.0378,customer_health_score,0.0344,days_since_last_core_action,0.0276,pricing_sensitivity_score,0.022
CUST-000958,0.5571,retention_risk_score,retention_risk_score,-0.0315,pricing_sensitivity_score,0.0275,velocity_30d_vs_90d,0.0269,support_ticket_sentiment,-0.0205,support_sentiment,-0.0147
CUST-000960,0.8055,customer_health_score,customer_health_score,0.1064,retention_risk_score,0.0955,days_since_last_login,0.0854,engagement_decay_score,0.0666,days_since_last_core_action,0.0453
CUST-000963,0.5025,pricing_sensitivity_score,pricing_sensitivity_score,0.037,billing_page_visits,0.0258,engagement_decay_score,-0.0172,session_duration_change,-0.0172,velocity_30d_vs_90d,0.0157
CUST-000964,0.8353,retention_risk_score,retention_risk_score,0.0619,billing_page_visits,0.0539,days_since_last_login,0.053,days_since_last_core_action,0.0389,customer_health_score,0.0378
CUST-000974,0.7154,support_ticket_sentiment,support_ticket_sentiment,0.0558,pricing_sensitivity_score,0.0412,support_sentiment,0.0381,billing_page_visits,0.0191,downgrade_page_visits,0.0183
CUST-000980,0.681,customer_health_score,customer_health_score,0.0733,retention_risk_score,0.0626,support_ticket_sentiment,-0.0349,pricing_sensitivity_score,0.0346,friction_score,0.0262
CUST-000990,0.5304,retention_risk_score,retention_risk_score,-0.0389,velocity_30d_vs_90d,0.0251,pricing_sensitivity_score,0.0232,days_since_last_core_action,-0.0209,days_since_last_login,-0.0174
CUST-000992,0.5664,retention_risk_score,retention_risk_score,0.0222,days_since_last_core_action,0.0119,pricing_sensitivity_score,-0.0114,engagement_decay_score,0.0103,velocity_30d_vs_90d,-0.0099
CUST-000995,0.6526,pricing_sensitivity_score,pricing_sensitivity_score,0.0516,billing_page_visits,0.0381,retention_risk_score,0.0244,days_since_last_core_action,-0.0238,days_since_last_login,-0.0236
CUST-000998,0.7858,retention_risk_score,retention_risk_score,0.0476,billing_page_visits,0.045,engagement_decay_score,0.0448,days_since_last_login,0.0367,customer_health_score,0.0311
CUST-001015,0.818,days_since_last_login,days_since_last_login,0.0621,retention_risk_score,0.0571,days_since_last_core_action,0.044,engagement_decay_score,0.0411,customer_health_score,0.039
CUST-001020,0.61,friction_score,friction_score,0.0638,pricing_sensitivity_score,-0.0251,retention_risk_score,0.0185,seat_limit_usage,0.0182,days_since_last_core_action,0.0181
CUST-001022,0.8851,retention_risk_score,retention_risk_score,0.0741,days_since_last_login,0.0618,customer_health_score,0.0531,engagement_decay_score,0.0493,billing_page_visits,0.0407
CUST-001023,0.7012,support_ticket_sentiment,support_ticket_sentiment,0.0479,support_sentiment,0.0413,pricing_sensitivity_score,0.0377,log_monthly_revenue,0.027,billing_page_visits,0.0202
CUST-001029,0.6785,retention_risk_score,retention_risk_score,0.0488,customer_health_score,0.0281,days_since_last_login,0.0281,support_ticket_sentiment,0.028,pricing_sensitivity_score,0.0268
CUST-001033,0.7438,days_since_last_login,days_since_last_login,0.0611,retention_risk_score,0.0502,customer_health_score,0.0403,days_since_last_core_action,0.0397,billing_page_visits,0.0369
CUST-001041,0.5038,pricing_sensitivity_score,pricing_sensitivity_score,-0.0313,retention_risk_score,-0.0312,velocity_30d_vs_90d,0.025,session_duration_change,0.0169,days_since_last_core_action,0.0143
CUST-001043,0.5807,retention_risk_score,retention_risk_score,0.0517,login_frequency_change,-0.0376,customer_health_score,0.0282,days_since_last_core_action,0.0262,pricing_sensitivity_score,0.0229
CUST-001044,0.6338,days_since_last_login,days_since_last_login,0.0337,velocity_30d_vs_90d,0.0227,friction_score,0.0201,retention_risk_score,0.0199,days_since_last_core_action,0.0169
CUST-001045,0.5692,billing_page_visits,billing_page_visits,0.0383,days_since_last_login,0.0377,login_frequency_change,-0.0366,retention_risk_score,0.0327,friction_score,0.0282
CUST-001049,0.5521,days_since_last_login,days_since_last_login,0.0414,pricing_sensitivity_score,-0.0285,days_since_last_core_action,0.0166,billing_page_visits,-0.0163,seat_limit_usage,0.011
CUST-001055,0.8291,retention_risk_score,retention_risk_score,0.0518,support_ticket_sentiment,0.0449,customer_health_score,0.0441,pricing_sensitivity_score,0.0405,support_sentiment,0.039
CUST-001057,0.6299,days_since_last_login,days_since_last_login,0.061,days_since_last_core_action,0.0397,retention_risk_score,0.0348,engagement_decay_score,0.0314,customer_health_score,0.0224
CUST-001061,0.6559,days_since_last_core_action,days_since_last_core_action,0.0523,days_since_last_login,0.0369,billing_page_visits,0.0274,pricing_sensitivity_score,0.0271,session_duration_change,-0.0126
CUST-001062,0.7367,customer_health_score,customer_health_score,0.0331,velocity_30d_vs_90d,0.0304,engagement_decay_score,0.0265,monthly_revenue,0.0182,seat_limit_usage,0.0173
CUST-001064,0.9024,customer_health_score,customer_health_score,0.1026,retention_risk_score,0.0932,days_since_last_login,0.0628,engagement_decay_score,0.0492,days_since_last_core_action,0.0477
CUST-001066,0.5395,retention_risk_score,retention_risk_score,0.0439,days_since_last_login,0.0402,customer_health_score,0.0366,support_ticket_sentiment,-0.0244,days_since_last_core_action,0.0241
CUST-001071,0.677,retention_risk_score,retention_risk_score,0.023,downgrade_page_visits,0.0176,support_ticket_sentiment,0.0172,pricing_sensitivity_score,0.016,support_sentiment,0.0159
CUST-001072,0.8602,days_since_last_login,days_since_last_login,0.1002,days_since_last_core_action,0.0663,retention_risk_score,0.0642,customer_health_score,0.049,engagement_decay_score,0.0382
CUST-001073,0.5397,retention_risk_score,retention_risk_score,0.0446,seat_limit_usage,-0.0312,days_since_last_login,0.0307,days_since_last_core_action,0.0276,log_monthly_revenue,-0.0275
CUST-001074,0.5715,retention_risk_score,retention_risk_score,0.0529,days_since_last_login,0.0518,days_since_last_core_action,0.0413,customer_health_score,0.0353,engagement_decay_score,0.0322
CUST-001076,0.9464,customer_health_score,customer_health_score,0.1125,retention_risk_score,0.0992,days_since_last_login,0.0797,engagement_decay_score,0.0723,days_since_last_core_action,0.0691
CUST-001081,0.6164,days_since_last_login,days_since_last_login,0.0445,retention_risk_score,0.0399,seat_limit_usage,-0.0288,days_since_last_core_action,0.0271,customer_health_score,0.0257
CUST-001082,0.6451,days_since_last_login,days_since_last_login,0.0534,retention_risk_score,0.0446,customer_health_score,0.0343,engagement_decay_score,0.0334,days_since_last_core_action,0.0317
CUST-001088,0.6531,billing_page_visits,billing_page_visits,0.035,log_monthly_revenue,0.031,login_frequency_change,0.0298,monthly_revenue,0.0256,velocity_30d_vs_90d,0.0238
CUST-001093,0.6895,billing_page_visits,billing_page_visits,0.0599,pricing_sensitivity_score,0.0478,seat_limit_usage,0.0187,failed_api_calls,0.0175,retention_risk_score,-0.014
CUST-001104,0.8345,customer_health_score,customer_health_score,0.0845,retention_risk_score,0.0797,pricing_sensitivity_score,0.0398,engagement_decay_score,0.0386,friction_score,0.0366
CUST-001106,0.7227,retention_risk_score,retention_risk_score,0.0569,days_since_last_login,0.0478,customer_health_score,0.0454,engagement_decay_score,0.029,support_ticket_sentiment,-0.0206
CUST-001108,0.6987,pricing_sensitivity_score,pricing_sensitivity_score,0.0525,support_ticket_sentiment,0.0366,support_sentiment,0.0349,billing_page_visits,0.033,downgrade_page_visits,0.0168
CUST-001112,0.7742,days_since_last_core_action,days_since_last_core_action,0.0488,pricing_sensitivity_score,0.0458,days_since_last_login,0.0346,velocity_30d_vs_90d,0.0314,seat_limit_usage,0.0203
CUST-001113,0.5552,days_since_last_login,days_since_last_login,0.0506,retention_risk_score,0.0376,days_since_last_core_action,0.0366,seat_limit_usage,-0.036,friction_score,-0.0344
CUST-001115,0.815,pricing_sensitivity_score,pricing_sensitivity_score,0.0531,billing_page_visits,0.0463,days_since_last_login,0.0338,days_since_last_core_action,0.0305,support_ticket_sentiment,0.0274
CUST-001117,0.8314,days_since_last_login,days_since_last_login,0.0696,days_since_last_core_action,0.0522,engagement_decay_score,0.0518,retention_risk_score,0.0467,support_ticket_sentiment,0.0289
CUST-001120,0.83,retention_risk_score,retention_risk_score,0.0678,support_ticket_sentiment,0.0443,support_sentiment,0.0373,customer_health_score,0.0326,velocity_30d_vs_90d,0.0222
CUST-001124,0.5216,days_since_last_login,days_since_last_login,0.0485,support_ticket_sentiment,-0.0316,retention_risk_score,0.0282,billing_page_visits,-0.0259,days_since_last_core_action,0.0252
CUST-001127,0.543,days_since_last_login,days_since_last_login,0.05,retention_risk_score,0.0444,invoice_download_frequency,-0.0424,days_since_last_core_action,0.029,customer_health_score,0.0275
CUST-001128,0.7905,friction_score,friction_score,0.0614,support_ticket_sentiment,0.0318,days_since_last_login,0.0259,pricing_sensitivity_score,0.0231,downgrade_page_visits,0.0224
CUST-001129,0.6069,support_sentiment,support_sentiment,0.0398,support_ticket_sentiment,0.0378,retention_risk_score,-0.0254,billing_page_visits,0.023,days_since_last_login,-0.0181
CUST-001134,0.7451,pricing_sensitivity_score,pricing_sensitivity_score,0.045,support_ticket_sentiment,0.039,friction_score,0.0326,support_sentiment,0.0255,retention_risk_score,0.0182
CUST-001140,0.7273,days_since_last_login,days_since_last_login,0.0794,billing_page_visits,0.0538,pricing_sensitivity_score,0.0479,days_since_last_core_action,0.04,velocity_30d_vs_90d,0.023
CUST-001148,0.6204,days_since_last_login,days_since_last_login,0.0801,retention_risk_score,0.0383,days_since_last_core_action,0.0374,customer_health_score,0.035,support_ticket_sentiment,-0.0296
CUST-001152,0.6631,pricing_sensitivity_score,pricing_sensitivity_score,0.0426,billing_page_visits,0.0423,customer_health_score,0.023,days_since_last_login,-0.0223,days_since_last_core_action,-0.0214
CUST-001159,0.5098,days_since_last_core_action,days_since_last_core_action,0.0262,pricing_sensitivity_score,0.0176,billing_page_visits,-0.0148,engagement_decay_score,-0.014,customer_health_score,-0.0138
CUST-001173,0.8277,retention_risk_score,retention_risk_score,0.0742,customer_health_score,0.0605,engagement_decay_score,0.0484,days_since_last_core_action,0.0309,billing_page_visits,0.029
CUST-001179,0.7396,support_ticket_sentiment,support_ticket_sentiment,0.0534,support_sentiment,0.0484,pricing_sensitivity_score,0.0266,billing_page_visits,0.0207,seat_limit_usage,0.0203
CUST-001181,0.6526,support_ticket_sentiment,support_ticket_sentiment,0.0464,support_sentiment,0.04,pricing_sensitivity_score,0.0268,log_monthly_revenue,0.0264,retention_risk_score,-0.024
CUST-001182,0.8331,support_ticket_sentiment,support_ticket_sentiment,0.067,support_sentiment,0.0592,friction_score,0.0534,days_since_last_core_action,0.0332,retention_risk_score,0.0248
CUST-001186,0.5002,customer_health_score,customer_health_score,0.0631,retention_risk_score,0.0579,days_since_last_login,-0.0388,export_frequency,-0.0306,pricing_sensitivity_score,0.0257
CUST-001187,0.5309,days_since_last_core_action,days_since_last_core_action,-0.0572,retention_risk_score,0.0438,engagement_decay_score,0.0395,days_since_last_login,-0.0339,customer_health_score,0.0329
CUST-001188,0.6444,pricing_sensitivity_score,pricing_sensitivity_score,0.0374,days_since_last_core_action,0.0278,support_ticket_sentiment,-0.0219,customer_health_score,0.0209,billing_page_visits,0.0195
CUST-001189,0.6693,retention_risk_score,retention_risk_score,0.0619,customer_health_score,0.0379,engagement_decay_score,0.0372,days_since_last_login,0.0304,pricing_sensitivity_score,-0.0303
CUST-001190,0.6241,retention_risk_score,retention_risk_score,0.0545,support_sentiment,0.0292,pricing_sensitivity_score,0.0269,support_ticket_sentiment,0.0267,session_duration_change,-0.0192
CUST-001196,0.8149,retention_risk_score,retention_risk_score,0.062,customer_health_score,0.0569,friction_score,0.0379,pricing_sensitivity_score,0.0324,support_ticket_sentiment,0.0288
CUST-001198,0.8413,days_since_last_login,days_since_last_login,0.0636,retention_risk_score,0.0533,days_since_last_core_action,0.0446,engagement_decay_score,0.0438,friction_score,0.0306
CUST-001199,0.6516,support_ticket_sentiment,support_ticket_sentiment,0.0487,support_sentiment,0.0413,pricing_sensitivity_score,0.0384,retention_risk_score,0.0248,days_since_last_login,-0.0214
CUST-001204,0.9089,days_since_last_login,days_since_last_login,0.0558,retention_risk_score,0.0508,days_since_last_core_action,0.0455,pricing_sensitivity_score,0.0387,engagement_decay_score,0.0344
CUST-001209,0.5857,support_ticket_sentiment,support_ticket_sentiment,0.0434,support_sentiment,0.0329,velocity_30d_vs_90d,0.0311,login_frequency_change,0.0295,retention_risk_score,-0.0292
CUST-001211,0.5272,days_since_last_login,days_since_last_login,0.0528,retention_risk_score,0.049,tier_capacity_utilization,-0.0345,support_ticket_sentiment,-0.0305,days_since_last_core_action,0.0237
CUST-001224,0.7518,support_ticket_sentiment,support_ticket_sentiment,0.0514,support_sentiment,0.0458,billing_page_visits,0.0389,pricing_sensitivity_score,0.0381,log_monthly_revenue,0.0316
CUST-001225,0.9368,customer_health_score,customer_health_score,0.0886,retention_risk_score,0.0774,days_since_last_login,0.0636,days_since_last_core_action,0.0539,engagement_decay_score,0.046
CUST-001233,0.5949,retention_risk_score,retention_risk_score,0.0427,days_since_last_login,0.0381,days_since_last_core_action,0.0368,customer_health_score,0.0314,engagement_decay_score,0.0227
CUST-001235,0.521,retention_risk_score,retention_risk_score,0.0427,login_frequency_change,-0.0319,friction_score,0.0264,support_ticket_sentiment,0.0247,engagement_decay_score,-0.0137
CUST-001240,0.8722,retention_risk_score,retention_risk_score,0.0698,customer_health_score,0.0507,days_since_last_login,0.0497,engagement_decay_score,0.043,pricing_sensitivity_score,0.0413
CUST-001241,0.6048,support_ticket_sentiment,support_ticket_sentiment,0.0675,support_sentiment,0.0602,days_since_last_login,-0.0299,friction_score,0.0277,days_since_last_core_action,-0.0149
CUST-001246,0.5055,error_rate,error_rate,-0.0423,days_since_last_login,0.0401,days_since_last_core_action,0.0379,support_ticket_sentiment,0.0326,pricing_sensitivity_score,-0.0235
CUST-001249,0.5369,log_monthly_revenue,log_monthly_revenue,0.0412,retention_risk_score,-0.0312,monthly_revenue,0.0254,seat_limit_usage,0.021,pricing_sensitivity_score,-0.0183
CUST-001250,0.7036,days_since_last_login,days_since_last_login,0.0556,days_since_last_core_action,0.0409,support_ticket_sentiment,0.0348,support_sentiment,0.0265,billing_page_visits,0.0247
CUST-001253,0.7601,days_since_last_login,days_since_last_login,0.0745,retention_risk_score,0.0621,customer_health_score,0.05,engagement_decay_score,0.0472,days_since_last_core_action,0.041
CUST-001255,0.7801,retention_risk_score,retention_risk_score,0.0473,days_since_last_login,0.0444,customer_health_score,0.0339,login_frequency_change,-0.032,days_since_last_core_action,0.0313
CUST-001256,0.78,retention_risk_score,retention_risk_score,0.0658,customer_health_score,0.0503,engagement_decay_score,0.041,support_ticket_sentiment,0.0358,support_sentiment,0.0285
CUST-001257,0.5256,support_sentiment,support_sentiment,0.0318,support_ticket_sentiment,0.0304,retention_risk_score,-0.0245,pricing_sensitivity_score,-0.0221,days_since_last_login,-0.0199
CUST-001260,0.5226,pricing_sensitivity_score,pricing_sensitivity_score,0.0398,customer_health_score,-0.0161,days_since_last_core_action,0.0153,engagement_decay_score,-0.0135,billing_page_visits,0.0112
CUST-001269,0.5742,pricing_sensitivity_score,pricing_sensitivity_score,0.0241,seat_limit_usage,0.0186,retention_risk_score,0.0168,downgrade_page_visits,0.0126,billing_page_visits,-0.012
CUST-001271,0.5749,pricing_sensitivity_score,pricing_sensitivity_score,0.0334,retention_risk_score,-0.0255,velocity_30d_vs_90d,0.0222,days_since_last_login,-0.0211,sessions_90d,0.0195
CUST-001282,0.7383,customer_health_score,customer_health_score,0.0794,retention_risk_score,0.0789,days_since_last_login,0.0662,engagement_decay_score,0.045,export_frequency,-0.0404
CUST-001286,0.649,pricing_sensitivity_score,pricing_sensitivity_score,0.0434,billing_page_visits,0.0346,support_ticket_sentiment,-0.0254,velocity_30d_vs_90d,0.0245,days_since_last_login,-0.0224
CUST-001292,0.5542,billing_page_visits,billing_page_visits,0.0311,support_ticket_sentiment,0.0244,support_sentiment,0.0222,pricing_sensitivity_score,0.0218,log_monthly_revenue,-0.0216
CUST-001297,0.7783,retention_risk_score,retention_risk_score,0.0623,customer_health_score,0.0611,engagement_decay_score,0.0512,support_sentiment,0.0396,support_ticket_sentiment,0.0375
CUST-001303,0.6067,support_ticket_sentiment,support_ticket_sentiment,0.0501,support_sentiment,0.0437,retention_risk_score,-0.0343,velocity_30d_vs_90d,0.0336,days_since_last_login,-0.0158
CUST-001307,0.8494,days_since_last_login,days_since_last_login,0.0638,days_since_last_core_action,0.0531,retention_risk_score,0.0516,customer_health_score,0.0421,engagement_decay_score,0.0406
CUST-001312,0.7889,retention_risk_score,retention_risk_score,0.0611,customer_health_score,0.051,engagement_decay_score,0.0352,support_ticket_sentiment,0.0343,support_sentiment,0.0245
CUST-001317,0.9505,days_since_last_login,days_since_last_login,0.1024,customer_health_score,0.0991,retention_risk_score,0.0861,days_since_last_core_action,0.0628,engagement_decay_score,0.0583
CUST-001324,0.5879,days_since_last_login,days_since_last_login,0.0799,retention_risk_score,0.0484,days_since_last_core_action,0.0468,pricing_sensitivity_score,-0.0351,engagement_decay_score,0.0326
CUST-001326,0.7145,retention_risk_score,retention_risk_score,0.0676,pricing_sensitivity_score,0.0529,customer_health_score,0.0431,days_since_last_login,-0.0214,downgrade_page_visits,0.016
CUST-001330,0.7709,support_ticket_sentiment,support_ticket_sentiment,0.0577,support_sentiment,0.0487,pricing_sensitivity_score,0.0415,days_since_last_core_action,-0.0256,velocity_30d_vs_90d,0.0235
CUST-001334,0.6363,log_monthly_revenue,log_monthly_revenue,0.0278,billing_page_visits,0.0245,monthly_revenue,0.0243,pricing_sensitivity_score,0.0235,velocity_30d_vs_90d,0.0193
CUST-001336,0.5262,days_since_last_login,days_since_last_login,0.0463,retention_risk_score,0.0397,days_since_last_core_action,0.0356,invoice_download_frequency,-0.0347,engagement_decay_score,0.0258
CUST-001337,0.6437,retention_risk_score,retention_risk_score,0.0638,customer_health_score,0.0391,pricing_sensitivity_score,0.0387,support_ticket_sentiment,-0.0211,days_since_last_core_action,-0.0171
CUST-001342,0.8183,days_since_last_login,days_since_last_login,0.06,retention_risk_score,0.0572,customer_health_score,0.0506,pricing_sensitivity_score,0.05,billing_page_visits,0.0399
CUST-001348,0.7451,days_since_last_login,days_since_last_login,0.0489,retention_risk_score,0.0485,days_since_last_core_action,0.0386,support_ticket_sentiment,0.0259,pricing_sensitivity_score,0.0251
CUST-001350,0.5643,retention_risk_score,retention_risk_score,0.0516,days_since_last_login,0.049,pricing_sensitivity_score,-0.0448,engagement_decay_score,0.0414,customer_health_score,0.0395
CUST-001352,0.7778,friction_score,friction_score,0.0775,support_ticket_sentiment,0.0512,support_sentiment,0.0478,velocity_30d_vs_90d,0.0292,pricing_sensitivity_score,-0.0257
CUST-001355,0.8973,days_since_last_login,days_since_last_login,0.0658,engagement_decay_score,0.0534,retention_risk_score,0.0524,days_since_last_core_action,0.0509,customer_health_score,0.0434
CUST-001356,0.579,customer_health_score,customer_health_score,0.0268,retention_risk_score,0.0236,pricing_sensitivity_score,-0.023,tier_capacity_utilization,0.0183,days_since_last_login,-0.0179
CUST-001358,0.5112,support_ticket_sentiment,support_ticket_sentiment,0.024,support_sentiment,0.0237,retention_risk_score,-0.0157,billing_page_visits,-0.0156,customer_health_score,-0.015
CUST-001360,0.545,retention_risk_score,retention_risk_score,0.0476,days_since_last_login,0.0372,days_since_last_core_action,0.0258,customer_health_score,0.0241,engagement_decay_score,0.0213
CUST-001373,0.5132,support_ticket_sentiment,support_ticket_sentiment,0.0494,support_sentiment,0.034,friction_score,0.0331,seat_limit_usage,-0.0241,rage_click_count,-0.0183
CUST-001376,0.7643,pricing_sensitivity_score,pricing_sensitivity_score,0.0621,support_ticket_sentiment,0.0496,support_sentiment,0.0405,friction_score,0.0315,velocity_30d_vs_90d,0.0256
CUST-001380,0.8504,retention_risk_score,retention_risk_score,0.0531,days_since_last_login,0.0521,customer_health_score,0.0466,billing_page_visits,0.0406,engagement_decay_score,0.0342
CUST-001385,0.7206,days_since_last_login,days_since_last_login,0.0447,support_ticket_sentiment,0.0446,support_sentiment,0.0328,pricing_sensitivity_score,-0.032,days_since_last_core_action,0.0305
CUST-001395,0.647,retention_risk_score,retention_risk_score,0.0637,customer_health_score,0.0617,friction_score,0.0271,days_since_last_login,-0.0262,pricing_sensitivity_score,0.0232
CUST-001397,0.6077,days_since_last_login,days_since_last_login,0.051,days_since_last_core_action,0.0439,pricing_sensitivity_score,-0.035,engagement_decay_score,0.0201,billing_page_visits,-0.0156
CUST-001398,0.7547,retention_risk_score,retention_risk_score,0.0571,customer_health_score,0.0458,pricing_sensitivity_score,0.0261,seat_limit_usage,0.0144,billing_page_visits,0.0143
CUST-001404,0.7559,retention_risk_score,retention_risk_score,0.0473,engagement_decay_score,0.0458,days_since_last_core_action,0.0378,customer_health_score,0.0372,days_since_last_login,0.0328
CUST-001410,0.7218,pricing_sensitivity_score,pricing_sensitivity_score,0.0687,billing_page_visits,0.0418,retention_risk_score,0.0272,velocity_30d_vs_90d,0.0219,friction_score,0.0161
CUST-001416,0.6771,friction_score,friction_score,0.0383,days_since_last_core_action,0.0346,log_monthly_revenue,0.0222,velocity_30d_vs_90d,0.0211,billing_page_visits,0.0191
CUST-001428,0.5513,retention_risk_score,retention_risk_score,0.0508,days_since_last_login,0.0442,customer_health_score,0.0413,pricing_sensitivity_score,-0.0372,engagement_decay_score,0.029
CUST-001430,0.5732,pricing_sensitivity_score,pricing_sensitivity_score,0.036,support_sentiment,-0.0183,seat_limit_usage,0.0167,days_since_last_core_action,0.0163,monthly_revenue,0.0159
CUST-001435,0.5453,retention_risk_score,retention_risk_score,0.0505,pricing_sensitivity_score,-0.0426,days_since_last_login,0.0303,engagement_decay_score,0.0268,days_since_last_core_action,0.0229
CUST-001437,0.617,retention_risk_score,retention_risk_score,0.0439,customer_health_score,0.0357,friction_score,-0.0348,billing_page_visits,0.0347,days_since_last_login,0.0325
CUST-001449,0.6804,support_ticket_sentiment,support_ticket_sentiment,0.0356,support_sentiment,0.0335,billing_page_visits,0.0225,days_since_last_core_action,-0.0224,customer_health_score,0.0201
CUST-001457,0.8516,days_since_last_login,days_since_last_login,0.0716,retention_risk_score,0.0586,customer_health_score,0.0538,engagement_decay_score,0.0478,days_since_last_core_action,0.0398
CUST-001458,0.9013,customer_health_score,customer_health_score,0.073,retention_risk_score,0.0717,days_since_last_login,0.0592,days_since_last_core_action,0.0393,engagement_decay_score,0.0366
CUST-001460,0.95,customer_health_score,customer_health_score,0.1069,days_since_last_login,0.0928,retention_risk_score,0.0862,days_since_last_core_action,0.067,engagement_decay_score,0.0637
CUST-001461,0.5149,export_frequency,export_frequency,-0.0513,retention_risk_score,0.0504,customer_health_score,0.0329,support_sentiment,0.0253,support_ticket_sentiment,0.025
CUST-001464,0.8578,retention_risk_score,retention_risk_score,0.0584,customer_health_score,0.0539,days_since_last_login,0.048,engagement_decay_score,0.0459,friction_score,0.0427
CUST-001467,0.5946,days_since_last_login,days_since_last_login,0.0437,retention_risk_score,0.0436,days_since_last_core_action,0.0341,pricing_sensitivity_score,0.0283,login_frequency_change,-0.0279
CUST-001480,0.6309,support_ticket_sentiment,support_ticket_sentiment,0.038,support_sentiment,0.0266,pricing_sensitivity_score,0.0198,tenure_months,0.0191,velocity_30d_vs_90d,-0.0184
CUST-001489,0.8638,retention_risk_score,retention_risk_score,0.0627,pricing_sensitivity_score,0.0505,days_since_last_login,0.0497,days_since_last_core_action,0.0409,support_ticket_sentiment,0.0379
CUST-001498,0.7112,pricing_sensitivity_score,pricing_sensitivity_score,0.05,retention_risk_score,0.0388,support_ticket_sentiment,0.0353,customer_health_score,0.0327,support_sentiment,0.0306
CUST-001499,0.6597,friction_score,friction_score,0.0428,pricing_sensitivity_score,0.0285,velocity_30d_vs_90d,0.0204,support_ticket_sentiment,-0.0191,days_since_last_core_action,0.0171
CUST-001505,0.6389,pricing_sensitivity_score,pricing_sensitivity_score,0.0409,days_since_last_core_action,0.0373,days_since_last_login,0.0361,growth_pressure_score,-0.0227,seat_limit_usage,-0.0212
CUST-001511,0.7453,pricing_sensitivity_score,pricing_sensitivity_score,0.069,friction_score,0.0441,support_ticket_sentiment,0.0408,support_sentiment,0.0347,downgrade_page_visits,0.0198
CUST-001516,0.6448,support_ticket_sentiment,support_ticket_sentiment,0.0702,support_sentiment,0.0551,friction_score,0.014,days_since_last_login,-0.0119,velocity_30d_vs_90d,0.0102
CUST-001519,0.6716,pricing_sensitivity_score,pricing_sensitivity_score,0.0577,support_ticket_sentiment,0.0352,support_sentiment,0.0342,billing_page_visits,0.0227,downgrade_page_visits,0.0178
CUST-001523,0.8595,support_ticket_sentiment,support_ticket_sentiment,0.0601,support_sentiment,0.0529,retention_risk_score,0.0451,friction_score,0.0415,pricing_sensitivity_score,0.033
CUST-001528,0.5199,support_ticket_sentiment,support_ticket_sentiment,-0.0494,retention_risk_score,0.041,days_since_last_login,0.0406,support_sentiment,-0.0363,days_since_last_core_action,0.0311
CUST-001530,0.6111,support_ticket_sentiment,support_ticket_sentiment,0.0443,billing_page_visits,0.0312,friction_score,0.0309,support_sentiment,0.0297,pricing_sensitivity_score,0.0219
CUST-001531,0.6548,retention_risk_score,retention_risk_score,0.0474,customer_health_score,0.0302,days_since_last_login,0.0295,engagement_decay_score,0.0236,pricing_sensitivity_score,0.0233
CUST-001532,0.7116,pricing_sensitivity_score,pricing_sensitivity_score,0.0628,billing_page_visits,0.0483,support_sentiment,0.0352,support_ticket_sentiment,0.0344,days_since_last_core_action,-0.0226
CUST-001533,0.7597,customer_health_score,customer_health_score,0.0631,retention_risk_score,0.0564,days_since_last_login,0.0472,days_since_last_core_action,0.028,friction_score,0.0257
CUST-001536,0.7308,retention_risk_score,retention_risk_score,0.0624,friction_score,0.0428,customer_health_score,0.0414,support_ticket_sentiment,0.0373,support_sentiment,0.0324
CUST-001538,0.6667,pricing_sensitivity_score,pricing_sensitivity_score,0.038,customer_health_score,0.0279,retention_risk_score,0.0278,billing_page_visits,-0.0175,downgrade_page_visits,0.0169
CUST-001543,0.7644,days_since_last_login,days_since_last_login,0.0678,billing_page_visits,0.0463,days_since_last_core_action,0.0444,pricing_sensitivity_score,0.027,velocity_30d_vs_90d,0.0184
CUST-001545,0.6308,days_since_last_login,days_since_last_login,0.0527,pricing_sensitivity_score,-0.0484,retention_risk_score,0.0458,engagement_decay_score,0.0286,support_ticket_sentiment,0.0276
CUST-001552,0.5045,retention_risk_score,retention_risk_score,0.0585,pricing_sensitivity_score,-0.0424,billing_page_visits,-0.0283,days_since_last_login,0.0227,customer_health_score,0.0222
CUST-001554,0.5706,login_frequency_change,login_frequency_change,-0.055,retention_risk_score,0.0416,days_since_last_login,0.0306,support_ticket_sentiment,0.0269,customer_health_score,0.0212
CUST-001559,0.7538,days_since_last_login,days_since_last_login,0.0827,days_since_last_core_action,0.0594,velocity_30d_vs_90d,0.0218,support_sentiment,-0.0202,support_ticket_sentiment,-0.0194
CUST-001561,0.6896,support_ticket_sentiment,support_ticket_sentiment,0.0596,support_sentiment,0.0442,pricing_sensitivity_score,0.0316,velocity_30d_vs_90d,0.0268,retention_risk_score,-0.0238
CUST-001565,0.6772,support_sentiment,support_sentiment,0.0328,support_ticket_sentiment,0.0324,downgrade_page_visits,0.0228,retention_risk_score,0.0168,login_frequency_change,0.0151
CUST-001566,0.5387,billing_page_visits,billing_page_visits,0.0361,support_ticket_sentiment,0.0334,pricing_sensitivity_score,0.0322,support_sentiment,0.0278,days_since_last_core_action,-0.0256
CUST-001567,0.5335,retention_risk_score,retention_risk_score,0.047,support_ticket_sentiment,-0.0377,days_since_last_login,-0.0342,customer_health_score,0.0317,pricing_sensitivity_score,0.0302
CUST-001569,0.624,days_since_last_login,days_since_last_login,0.0429,retention_risk_score,-0.027,pricing_sensitivity_score,0.0253,velocity_30d_vs_90d,0.0205,days_since_last_core_action,0.0175
CUST-001571,0.5054,days_since_last_core_action,days_since_last_core_action,-0.0306,days_since_last_login,-0.0239,login_frequency_change,0.0208,billing_page_visits,0.0176,pricing_sensitivity_score,0.0146
CUST-001576,0.5815,retention_risk_score,retention_risk_score,0.0572,days_since_last_login,0.0391,support_ticket_sentiment,-0.038,customer_health_score,0.0373,support_sentiment,-0.0319
CUST-001587,0.814,days_since_last_login,days_since_last_login,0.0642,retention_risk_score,0.0562,customer_health_score,0.0466,pricing_sensitivity_score,0.0428,engagement_decay_score,0.0427
CUST-001588,0.9357,customer_health_score,customer_health_score,0.1027,days_since_last_login,0.0992,retention_risk_score,0.0901,engagement_decay_score,0.0724,days_since_last_core_action,0.0642
CUST-001591,0.642,days_since_last_login,days_since_last_login,0.0337,support_ticket_sentiment,0.0301,support_sentiment,0.0283,pricing_sensitivity_score,0.0274,billing_page_visits,0.0223
CUST-001596,0.8634,days_since_last_login,days_since_last_login,0.0631,retention_risk_score,0.055,days_since_last_core_action,0.0424,engagement_decay_score,0.035,customer_health_score,0.0344
CUST-001597,0.5416,retention_risk_score,retention_risk_score,0.0509,pricing_sensitivity_score,0.0342,billing_page_visits,0.0253,days_since_last_login,-0.0218,customer_health_score,0.0155
CUST-001600,0.9234,customer_health_score,customer_health_score,0.0929,retention_risk_score,0.0847,days_since_last_login,0.0645,engagement_decay_score,0.0534,days_since_last_core_action,0.0448
CUST-001604,0.7193,support_ticket_sentiment,support_ticket_sentiment,0.0951,support_sentiment,0.091,friction_score,0.0608,pricing_sensitivity_score,-0.0213,retention_risk_score,-0.02
CUST-001607,0.8578,retention_risk_score,retention_risk_score,0.0664,customer_health_score,0.0541,days_since_last_login,0.0449,support_ticket_sentiment,0.0374,days_since_last_core_action,0.0362
CUST-001611,0.5437,retention_risk_score,retention_risk_score,0.0496,pricing_sensitivity_score,-0.043,days_since_last_login,0.043,days_since_last_core_action,0.0387,login_frequency_change,-0.0324
CUST-001612,0.7827,days_since_last_login,days_since_last_login,0.0663,retention_risk_score,0.0643,customer_health_score,0.0619,days_since_last_core_action,0.0416,error_rate,-0.0354
CUST-001615,0.5741,support_sentiment,support_sentiment,0.0447,support_ticket_sentiment,0.0386,billing_page_visits,0.0326,pricing_sensitivity_score,0.0282,days_since_last_login,-0.0262
CUST-001621,0.8457,retention_risk_score,retention_risk_score,0.06,days_since_last_login,0.0532,pricing_sensitivity_score,0.0455,customer_health_score,0.0437,billing_page_visits,0.0351
CUST-001622,0.6405,support_ticket_sentiment,support_ticket_sentiment,0.0433,support_sentiment,0.0292,velocity_30d_vs_90d,0.0223,pricing_sensitivity_score,0.0221,customer_health_score,-0.0142
CUST-001626,0.9321,days_since_last_login,days_since_last_login,0.0753,retention_risk_score,0.0603,customer_health_score,0.0449,days_since_last_core_action,0.041,engagement_decay_score,0.0399
CUST-001628,0.6406,days_since_last_login,days_since_last_login,0.0865,days_since_last_core_action,0.0478,pricing_sensitivity_score,-0.0357,engagement_decay_score,0.0208,billing_page_visits,-0.0193
CUST-001640,0.8504,retention_risk_score,retention_risk_score,0.0678,customer_health_score,0.0651,pricing_sensitivity_score,0.0372,friction_score,0.0271,support_ticket_sentiment,0.0257
CUST-001644,0.6099,days_since_last_login,days_since_last_login,0.0645,pricing_sensitivity_score,0.0357,days_since_last_core_action,0.0341,velocity_30d_vs_90d,0.0178,friction_score,-0.0154
CUST-001650,0.5267,days_since_last_login,days_since_last_login,0.0613,days_since_last_core_action,0.0356,retention_risk_score,0.0315,seat_limit_usage,-0.0308,export_frequency,-0.0257
CUST-001652,0.5939,retention_risk_score,retention_risk_score,-0.0247,tier_capacity_utilization,0.0211,seat_limit_usage,0.0172,days_since_last_login,-0.0154,friction_score,0.0148
CUST-001661,0.5518,retention_risk_score,retention_risk_score,0.0504,customer_health_score,0.0347,days_since_last_login,0.0346,engagement_decay_score,0.0249,session_duration_change,-0.0233
CUST-001666,0.9549,customer_health_score,customer_health_score,0.115,days_since_last_login,0.0987,retention_risk_score,0.0969,engagement_decay_score,0.0697,days_since_last_core_action,0.0645
CUST-001674,0.6588,engagement_decay_score,engagement_decay_score,0.0499,pricing_sensitivity_score,-0.0235,days_since_last_login,0.0223,login_frequency_change,0.0179,support_ticket_sentiment,0.0176
CUST-001676,0.8549,days_since_last_login,days_since_last_login,0.0823,retention_risk_score,0.0534,engagement_decay_score,0.0465,customer_health_score,0.0438,days_since_last_core_action,0.0407
CUST-001679,0.578,support_ticket_sentiment,support_ticket_sentiment,0.0455,support_sentiment,0.0345,pricing_sensitivity_score,-0.0341,retention_risk_score,-0.0204,session_duration_change,0.0199
CUST-001683,0.5079,pricing_sensitivity_score,pricing_sensitivity_score,0.0403,days_since_last_login,-0.0327,support_sentiment,0.0317,days_since_last_core_action,-0.0309,support_ticket_sentiment,0.0307
CUST-001685,0.5461,billing_page_visits,billing_page_visits,0.0341,tenure_months,0.0241,pricing_sensitivity_score,0.0211,days_since_last_login,-0.0192,days_since_last_core_action,0.0171
CUST-001686,0.7799,days_since_last_login,days_since_last_login,0.0719,retention_risk_score,0.0541,engagement_decay_score,0.0451,days_since_last_core_action,0.0406,customer_health_score,0.0331
CUST-001696,0.9059,days_since_last_login,days_since_last_login,0.0929,retention_risk_score,0.0907,customer_health_score,0.0768,days_since_last_core_action,0.0619,engagement_decay_score,0.0553
CUST-001699,0.6551,days_since_last_login,days_since_last_login,0.05,retention_risk_score,0.0472,days_since_last_core_action,0.0346,customer_health_score,0.0309,engagement_decay_score,0.0302
CUST-001704,0.8605,retention_risk_score,retention_risk_score,0.0674,pricing_sensitivity_score,0.0508,customer_health_score,0.0452,engagement_decay_score,0.0369,days_since_last_core_action,0.034
CUST-001707,0.9324,customer_health_score,customer_health_score,0.1126,days_since_last_login,0.1054,retention_risk_score,0.0909,engagement_decay_score,0.0748,days_since_last_core_action,0.0642
CUST-001716,0.6412,pricing_sensitivity_score,pricing_sensitivity_score,0.0493,support_ticket_sentiment,0.0385,support_sentiment,0.0275,billing_page_visits,0.0224,days_since_last_login,-0.0187
CUST-001720,0.8448,days_since_last_login,days_since_last_login,0.0732,retention_risk_score,0.0483,customer_health_score,0.0469,days_since_last_core_action,0.0411,pricing_sensitivity_score,0.0381
CUST-001722,0.8644,days_since_last_login,days_since_last_login,0.0733,retention_risk_score,0.0538,days_since_last_core_action,0.0511,customer_health_score,0.0458,engagement_decay_score,0.0359
CUST-001724,0.8857,customer_health_score,customer_health_score,0.1053,retention_risk_score,0.0948,days_since_last_login,0.088,days_since_last_core_action,0.0594,engagement_decay_score,0.0559
CUST-001726,0.8874,customer_health_score,customer_health_score,0.1174,retention_risk_score,0.0934,days_since_last_login,0.0629,engagement_decay_score,0.0549,days_since_last_core_action,0.0481
CUST-001734,0.6075,support_ticket_sentiment,support_ticket_sentiment,0.0513,support_sentiment,0.0404,api_usage,0.0146,growth_pressure_score,0.0139,retention_risk_score,0.0139
CUST-001738,0.5846,days_since_last_login,days_since_last_login,0.0384,days_since_last_core_action,0.036,pricing_sensitivity_score,0.03,support_sentiment,0.0244,support_ticket_sentiment,0.0228
CUST-001739,0.7197,retention_risk_score,retention_risk_score,0.0592,engagement_decay_score,0.0505,customer_health_score,0.0502,pricing_sensitivity_score,0.0223,support_ticket_sentiment,-0.0213
CUST-001740,0.5205,days_since_last_login,days_since_last_login,0.0564,days_since_last_core_action,0.0415,error_rate,-0.0335,pricing_sensitivity_score,-0.0242,velocity_30d_vs_90d,0.0187
CUST-001746,0.6123,billing_page_visits,billing_page_visits,0.0271,pricing_sensitivity_score,0.0243,session_duration_change,0.0147,retention_risk_score,-0.0146,days_since_last_core_action,0.0139
CUST-001754,0.9535,days_since_last_login,days_since_last_login,0.1057,customer_health_score,0.1028,retention_risk_score,0.0929,engagement_decay_score,0.0677,days_since_last_core_action,0.0624
CUST-001763,0.7799,pricing_sensitivity_score,pricing_sensitivity_score,0.0657,support_ticket_sentiment,0.0592,support_sentiment,0.0495,billing_page_visits,0.0365,velocity_30d_vs_90d,0.0286
CUST-001766,0.761,days_since_last_login,days_since_last_login,0.0566,retention_risk_score,0.0494,engagement_decay_score,0.0473,billing_page_visits,0.0429,customer_health_score,0.0382
CUST-001769,0.7255,pricing_sensitivity_score,pricing_sensitivity_score,0.0533,support_ticket_sentiment,0.0457,support_sentiment,0.0368,velocity_30d_vs_90d,0.0243,downgrade_page_visits,0.0236
CUST-001770,0.7228,friction_score,friction_score,0.0537,support_ticket_sentiment,0.0394,support_sentiment,0.0342,pricing_sensitivity_score,0.0278,velocity_30d_vs_90d,0.0234
CUST-001771,0.9128,days_since_last_login,days_since_last_login,0.059,retention_risk_score,0.054,engagement_decay_score,0.053,days_since_last_core_action,0.0412,customer_health_score,0.041
CUST-001776,0.5999,support_ticket_sentiment,support_ticket_sentiment,0.0315,support_sentiment,0.0271,pricing_sensitivity_score,-0.0217,tenure_months,0.0125,days_since_last_login,0.0123
CUST-001777,0.705,customer_health_score,customer_health_score,0.0625,retention_risk_score,0.0568,friction_score,0.0309,days_since_last_core_action,-0.0223,days_since_last_login,-0.0189
CUST-001779,0.7739,retention_risk_score,retention_risk_score,0.0438,support_ticket_sentiment,0.0339,pricing_sensitivity_score,0.0312,customer_health_score,0.0302,support_sentiment,0.0278
CUST-001785,0.5027,support_ticket_sentiment,support_ticket_sentiment,0.0377,days_since_last_core_action,-0.0248,support_sentiment,0.0229,billing_page_visits,0.0149,retention_risk_score,-0.0122
CUST-001787,0.5506,retention_risk_score,retention_risk_score,0.0395,engagement_decay_score,0.0359,days_since_last_login,0.0314,days_since_last_core_action,0.0293,customer_health_score,0.0258
CUST-001798,0.8238,support_sentiment,support_sentiment,0.0877,support_ticket_sentiment,0.0864,friction_score,0.0637,velocity_30d_vs_90d,0.0301,sessions_30d,0.0175
CUST-001799,0.874,days_since_last_login,days_since_last_login,0.0858,retention_risk_score,0.0772,engagement_decay_score,0.0574,customer_health_score,0.0561,days_since_last_core_action,0.0522
CUST-001801,0.6573,customer_health_score,customer_health_score,0.0613,retention_risk_score,0.0539,pricing_sensitivity_score,0.0345,engagement_decay_score,0.034,tier_capacity_utilization,-0.028
CUST-001804,0.6074,velocity_30d_vs_90d,velocity_30d_vs_90d,0.0331,downgrade_page_visits,0.0221,retention_risk_score,-0.017,log_monthly_revenue,0.0157,monthly_revenue,0.015
CUST-001813,0.5266,pricing_sensitivity_score,pricing_sensitivity_score,0.046,retention_risk_score,0.0399,days_since_last_core_action,-0.0345,billing_page_visits,-0.0264,days_since_last_login,-0.022
CUST-001817,0.7063,retention_risk_score,retention_risk_score,0.0505,customer_health_score,0.0356,pricing_sensitivity_score,0.0232,tenure_months,0.0217,seat_limit_usage,0.0151
CUST-001824,0.5293,support_ticket_sentiment,support_ticket_sentiment,0.0236,pricing_sensitivity_score,0.0199,support_sentiment,0.0178,billing_page_visits,-0.0168,engagement_decay_score,-0.0146
CUST-001825,0.9037,days_since_last_login,days_since_last_login,0.0588,retention_risk_score,0.0544,days_since_last_core_action,0.0447,customer_health_score,0.0399,engagement_decay_score,0.0396
CUST-001839,0.6297,pricing_sensitivity_score,pricing_sensitivity_score,0.0368,retention_risk_score,0.0285,customer_health_score,0.0271,billing_page_visits,0.0251,support_ticket_sentiment,0.0246
CUST-001851,0.7787,retention_risk_score,retention_risk_score,0.0649,days_since_last_login,0.052,engagement_decay_score,0.0453,customer_health_score,0.0407,days_since_last_core_action,0.0401
CUST-001867,0.69,support_ticket_sentiment,support_ticket_sentiment,0.0479,pricing_sensitivity_score,0.041,support_sentiment,0.0364,retention_risk_score,-0.0253,billing_page_visits,0.0221
CUST-001876,0.508,retention_risk_score,retention_risk_score,0.0511,days_since_last_login,0.046,pricing_sensitivity_score,-0.0404,customer_health_score,0.0307,engagement_decay_score,0.0259
CUST-001885,0.5207,retention_risk_score,retention_risk_score,-0.029,session_duration_change,0.025,customer_health_score,-0.0186,seat_limit_usage,0.0168,days_since_last_login,-0.0133
CUST-001888,0.9458,customer_health_score,customer_health_score,0.1173,days_since_last_login,0.1034,retention_risk_score,0.1021,engagement_decay_score,0.0698,days_since_last_core_action,0.0665
CUST-001891,0.8559,days_since_last_login,days_since_last_login,0.0537,retention_risk_score,0.0531,support_ticket_sentiment,0.043,customer_health_score,0.041,days_since_last_core_action,0.0363
CUST-001895,0.8672,days_since_last_login,days_since_last_login,0.0706,retention_risk_score,0.0633,days_since_last_core_action,0.0542,customer_health_score,0.0444,pricing_sensitivity_score,0.0382
CUST-001896,0.916,customer_health_score,customer_health_score,0.0842,retention_risk_score,0.0796,days_since_last_login,0.0647,engagement_decay_score,0.0618,days_since_last_core_action,0.0512
CUST-001897,0.5846,days_since_last_login,days_since_last_login,0.0397,velocity_30d_vs_90d,0.025,retention_risk_score,-0.0185,customer_health_score,-0.0141,pricing_sensitivity_score,-0.0113
CUST-001901,0.8001,retention_risk_score,retention_risk_score,0.0645,days_since_last_login,0.0629,pricing_sensitivity_score,0.0543,customer_health_score,0.0504,days_since_last_core_action,0.0275
CUST-001902,0.7808,days_since_last_login,days_since_last_login,0.0669,days_since_last_core_action,0.0446,support_sentiment,0.0312,support_ticket_sentiment,0.0303,pricing_sensitivity_score,0.029
CUST-001903,0.8144,retention_risk_score,retention_risk_score,0.0641,customer_health_score,0.0535,friction_score,0.0382,pricing_sensitivity_score,0.0347,billing_page_visits,0.0344
CUST-001907,0.5104,support_sentiment,support_sentiment,0.0603,support_ticket_sentiment,0.0548,retention_risk_score,-0.0354,error_rate,-0.0277,friction_score,0.0266
CUST-001911,0.7997,retention_risk_score,retention_risk_score,0.0641,billing_page_visits,0.051,pricing_sensitivity_score,0.0412,customer_health_score,0.0353,days_since_last_login,0.0327
CUST-001913,0.8425,days_since_last_login,days_since_last_login,0.0737,retention_risk_score,0.0558,days_since_last_core_action,0.0469,customer_health_score,0.0468,engagement_decay_score,0.0455
CUST-001914,0.5806,seat_limit_usage,seat_limit_usage,0.0196,retention_risk_score,-0.0192,growth_pressure_score,0.0168,velocity_30d_vs_90d,0.0158,customer_health_score,-0.0142
CUST-001917,0.9419,days_since_last_login,days_since_last_login,0.0938,customer_health_score,0.0926,retention_risk_score,0.0876,engagement_decay_score,0.0714,days_since_last_core_action,0.061
CUST-001921,0.7693,retention_risk_score,retention_risk_score,0.0504,days_since_last_login,0.0472,days_since_last_core_action,0.0451,engagement_decay_score,0.0299,velocity_30d_vs_90d,0.0198
CUST-001924,0.7965,retention_risk_score,retention_risk_score,0.0716,support_ticket_sentiment,0.0403,customer_health_score,0.0386,support_sentiment,0.0348,pricing_sensitivity_score,0.0313
CUST-001925,0.9119,customer_health_score,customer_health_score,0.0768,retention_risk_score,0.0693,days_since_last_login,0.0509,engagement_decay_score,0.0409,days_since_last_core_action,0.0404
CUST-001931,0.5151,support_ticket_sentiment,support_ticket_sentiment,0.0415,support_sentiment,0.0325,days_since_last_core_action,-0.0224,pricing_sensitivity_score,0.0192,rage_click_count,-0.0157
CUST-001933,0.8128,days_since_last_login,days_since_last_login,0.063,retention_risk_score,0.0512,days_since_last_core_action,0.0512,engagement_decay_score,0.0401,velocity_30d_vs_90d,0.0257
CUST-001935,0.5232,friction_score,friction_score,0.0514,pricing_sensitivity_score,-0.0428,days_since_last_core_action,0.0285,support_ticket_sentiment,0.027,support_sentiment,0.0191
CUST-001939,0.5424,pricing_sensitivity_score,pricing_sensitivity_score,0.0383,days_since_last_login,-0.0333,friction_score,0.03,billing_page_visits,0.0269,velocity_30d_vs_90d,0.0245
CUST-001940,0.8373,retention_risk_score,retention_risk_score,0.0904,customer_health_score,0.0822,pricing_sensitivity_score,0.0453,friction_score,0.038,billing_page_visits,0.0317
CUST-001946,0.5791,pricing_sensitivity_score,pricing_sensitivity_score,0.0392,support_ticket_sentiment,0.0295,friction_score,0.0266,seat_limit_usage,-0.0232,support_sentiment,0.0229
CUST-001949,0.9382,customer_health_score,customer_health_score,0.0981,retention_risk_score,0.0939,days_since_last_login,0.0877,days_since_last_core_action,0.0611,engagement_decay_score,0.0532
CUST-001953,0.9072,retention_risk_score,retention_risk_score,0.0606,days_since_last_login,0.0599,pricing_sensitivity_score,0.0442,days_since_last_core_action,0.0436,customer_health_score,0.0405
CUST-001954,0.6625,pricing_sensitivity_score,pricing_sensitivity_score,0.0266,retention_risk_score,0.0254,days_since_last_core_action,0.0216,support_sentiment,0.0138,seat_limit_usage,-0.0135
CUST-001959,0.5041,pricing_sensitivity_score,pricing_sensitivity_score,-0.034,support_ticket_sentiment,0.0335,support_sentiment,0.0308,days_since_last_login,0.0268,velocity_30d_vs_90d,0.0266
CUST-001967,0.682,pricing_sensitivity_score,pricing_sensitivity_score,0.0672,billing_page_visits,0.0465,days_since_last_login,-0.0208,support_ticket_sentiment,-0.0157,session_duration_change,0.0149
CUST-001970,0.7273,days_since_last_login,days_since_last_login,0.065,days_since_last_core_action,0.0522,pricing_sensitivity_score,0.0345,downgrade_page_visits,0.0151,velocity_30d_vs_90d,0.0138
CUST-001978,0.5761,pricing_sensitivity_score,pricing_sensitivity_score,0.0309,retention_risk_score,0.0258,customer_health_score,0.0198,support_ticket_sentiment,-0.0158,days_since_last_login,-0.0139
CUST-001979,0.6303,support_ticket_sentiment,support_ticket_sentiment,0.0329,support_sentiment,0.0305,billing_page_visits,-0.0188,days_since_last_login,0.0187,downgrade_page_visits,0.0183
CUST-001981,0.6574,retention_risk_score,retention_risk_score,0.0616,customer_health_score,0.0375,support_ticket_sentiment,0.03,support_sentiment,0.023,days_since_last_login,-0.0192
CUST-001988,0.7044,support_ticket_sentiment,support_ticket_sentiment,0.054,support_sentiment,0.0403,billing_page_visits,0.0399,pricing_sensitivity_score,0.0322,seat_limit_usage,0.0194
CUST-001990,0.6631,customer_health_score,customer_health_score,0.0272,pricing_sensitivity_score,0.0256,engagement_decay_score,0.021,billing_page_visits,0.0195,retention_risk_score,0.0147
CUST-001992,0.5929,retention_risk_score,retention_risk_score,0.0542,pricing_sensitivity_score,-0.037,customer_health_score,0.0356,support_ticket_sentiment,0.0318,friction_score,0.0316
CUST-001996,0.6381,support_ticket_sentiment,support_ticket_sentiment,0.0391,support_sentiment,0.0368,velocity_30d_vs_90d,0.0237,log_api_usage,0.0215,retention_risk_score,-0.0179
CUST-001998,0.691,retention_risk_score,retention_risk_score,0.0369,billing_page_visits,0.0365,pricing_sensitivity_score,0.034,support_sentiment,0.0313,support_ticket_sentiment,0.0297
